,strategy_code,trade nr.,expiration,entry_date,strikes,entry_price,exit_date,DIT,DTE,pnl,max risk,position size,percentage,exit
1,C37_P10,1,2007-01-20,2006-11-13,800/770/730,3.6,2006-12-14,31,37,7117,-99280,73,7.17%,sdc
2,C37_P10,2,2007-02-17,2006-12-11,820/790/740,0.9,2007-01-04,24,44,13160,-98230,47,13.4%,tp
3,C37_P10,3,2007-03-17,2007-01-08,810/770/720,6.45,2007-01-22,14,54,12299,-98700,60,12.46%,tp
4,C37_P10,4,2007-04-21,2007-02-12,830/800/760,3.45,2007-03-02,18,50,-2590,-99530,74,-2.6%,sdc
5,C37_P10,5,2007-05-19,2007-03-12,820/780/730,6.7,2007-04-05,24,44,-6194,-98530,59,-6.29%,sdc
6,C37_P10,6,2007-06-16,2007-04-09,840/810/760,1.25,2007-05-11,32,36,10692,-99875,47,10.71%,tp
7,C37_P10,7,2007-07-21,2007-05-14,850/810/760,6.1,2007-05-30,16,52,-929,-99820,62,-0.93%,sdc
8,C37_P10,8,2007-08-18,2007-06-11,860/830/780,0.75,2007-07-16,35,33,10799,-99600,48,10.84%,tp
9,C37_P10,9,2007-09-22,2007-07-16,880/840/780,3.65,2007-07-24,8,60,-4410,-99330,42,-4.44%,sdc
10,C37_P10,10,2007-10-20,2007-08-13,820/770/700,4.8,2007-09-13,31,37,10000,-99200,40,10.08%,tp
11,C37_P10,11,2007-11-17,2007-09-10,820/760/690,8.85,2007-09-19,9,59,-6359,-99905,53,-6.37%,sdc
12,C37_P10,12,2007-12-22,2007-10-15,860/820/750,0.75,2007-11-01,17,51,-3520,-98400,32,-3.58%,sdc
13,C37_P10,13,2008-01-19,2007-11-12,810/760/690,4.5,2007-11-30,18,50,9800,-98000,40,10.0%,tp
14,C37_P10,14,2008-02-16,2007-12-10,830/780/720,7.6,2007-12-17,7,61,-1400,-98560,56,-1.42%,sdc
15,C37_P10,15,2008-03-22,2008-01-14,750/700/640,7.8,2008-01-18,4,64,7559,-99680,56,7.58%,sdc
16,C37_P10,16,2008-04-19,2008-02-11,740/690/620,5.05,2008-02-25,14,54,10139,-97694,39,10.38%,tp
17,C37_P10,17,2008-05-17,2008-03-10,680/630/570,7.65,2008-03-24,14,54,-11759,-98840,56,-11.9%,sdc
18,C37_P10,18,2008-06-21,2008-04-14,720/670/620,10.3,2008-04-18,4,64,-22310,-99909,97,-22.33%,sdc
19,C37_P10,19,2008-07-19,2008-05-12,760/720/670,5.7,2008-06-05,24,44,-1890,-98910,63,-1.91%,sdc
20,C37_P10,20,2008-08-16,2008-06-09,770/720/660,8.45,2008-06-20,11,57,11609,-99630,54,11.65%,tp
21,C37_P10,21,2008-09-20,2008-07-14,700/650/600,10.0,2008-07-22,8,60,-31500,-100000,100,-31.5%,sdc
22,C37_P10,22,2008-10-18,2008-08-11,780/740/680,3.5,2008-08-25,14,54,-4200,-98700,42,-4.26%,sdc
23,C37_P10,23,2008-11-22,2008-09-15,730/680/620,7.3,2008-09-19,4,64,-14249,-98610,57,-14.45%,sdc
24,C37_P10,24,2008-12-20,2008-10-13,610/550/460,3.15,2008-10-22,9,59,-7650,-99450,30,-7.69%,sdc
25,C37_P10,25,2009-01-17,2008-11-10,540/480/400,6.95,2008-11-18,8,60,-5550,-99715,37,-5.57%,sdc
26,C37_P10,26,2009-02-21,2008-12-15,500/440/370,8.45,2008-12-22,7,61,15930,-99630,54,15.99%,tp
27,C37_P10,27,2009-03-21,2009-01-12,500/450/390,6.8,2009-01-23,11,57,10619,-99120,59,10.71%,tp
28,C37_P10,28,2009-04-18,2009-02-09,500/450/400,10.15,2009-02-11,2,66,11760,-99470,98,11.82%,tp
29,C37_P10,29,2009-05-16,2009-03-09,370/330/290,7.55,2009-03-12,3,65,-29700,-99660,132,-29.8%,sdc
30,C37_P10,30,2009-06-20,2009-04-13,500/460/400,1.45,2009-04-29,16,52,10349,-98670,46,10.49%,tp
31,C37_P10,31,2009-07-18,2009-05-11,530/490/440,4.7,2009-05-26,15,53,11560,-99960,68,11.56%,tp
32,C37_P10,32,2009-08-22,2009-06-15,540/500/440,3.65,2009-06-26,11,57,11970,-99330,42,12.05%,tp
33,C37_P10,33,2009-09-19,2009-07-13,510/480/430,0.7,2009-07-16,3,65,2879,-99360,48,2.9%,sdc
34,C37_P10,34,2009-10-17,2009-08-10,600/560/510,6.4,2009-08-31,21,47,10200,-98400,60,10.37%,tp
35,C37_P10,35,2009-11-21,2009-09-14,620/590/540,0.25,2009-10-09,25,43,10290,-99225,49,10.37%,tp
36,C37_P10,36,2009-12-19,2009-10-12,640/600/550,6.05,2009-10-23,11,57,10539,-99510,62,10.59%,tp
37,C37_P10,37,2010-01-16,2009-11-09,610/580/530,0.25,2009-12-01,22,46,10290,-99225,49,10.37%,tp
38,C37_P10,38,2010-02-20,2009-12-14,630/590/550,7.8,2009-12-24,10,58,-19839,-99839,128,-19.87%,sdc
39,C37_P10,39,2010-03-20,2010-01-11,670/630/590,9.1,2010-01-15,4,64,10900,-99189,109,10.99%,tp
40,C37_P10,40,2010-04-17,2010-02-08,610/580/530,1.0,2010-02-17,9,59,3524,-98699,47,3.57%,sdc
41,C37_P10,41,2010-05-22,2010-03-15,690/660/620,3.15,2010-04-06,22,46,190,-99940,76,0.19%,sdc
42,C37_P10,42,2010-06-19,2010-04-12,720/690/650,3.25,2010-04-22,10,58,-6375,-99375,75,-6.42%,sdc
43,C37_P10,43,2010-07-17,2010-05-10,710/670/600,0.9,2010-05-20,10,58,-9920,-98880,32,-10.03%,sdc
44,C37_P10,44,2010-08-21,2010-06-14,680/640/570,-0.25,2010-06-29,15,53,-3299,-98174,33,-3.36%,sdc
45,C37_P10,45,2010-09-18,2010-07-12,650/610/550,2.7,2010-07-26,14,54,220,-99879,44,0.22%,sdc
46,C37_P10,46,2010-10-16,2010-08-09,690/640/590,10.55,2010-08-11,2,66,21619,-99170,94,21.8%,sdc
47,C37_P10,47,2010-11-20,2010-09-13,680/640/580,3.0,2010-10-05,22,46,2579,-98900,43,2.61%,sdc
48,C37_P10,48,2010-12-18,2010-10-11,720/680/620,2.75,2010-11-04,24,44,6450,-97824,43,6.59%,sdc
49,C37_P10,49,2011-01-22,2010-11-15,745/705/650,3.8,2010-12-03,18,50,1590,-99640,53,1.6%,sdc
50,C37_P10,50,2011-02-19,2010-12-13,795/760/705,1.9,2011-01-12,30,38,5737,-98550,45,5.82%,sdc
51,C37_P10,51,2011-03-19,2011-01-10,820/780/720,3.55,2011-01-25,15,53,10289,-98910,42,10.4%,tp
52,C37_P10,52,2011-04-16,2011-02-07,830/790/730,3.2,2011-03-14,35,33,10104,-99760,43,10.13%,tp
53,C37_P10,53,2011-05-21,2011-03-14,830/780/720,7.15,2011-03-30,16,52,-6959,-99470,58,-7.0%,sdc
54,C37_P10,54,2011-06-18,2011-04-11,860/820/760,2.3,2011-04-18,7,61,10119,-98120,44,10.31%,tp
55,C37_P10,55,2011-07-16,2011-05-09,865/830/770,1.0,2011-05-23,14,54,-1900,-98800,38,-1.92%,sdc
56,C37_P10,56,2011-08-20,2011-06-13,800/760/710,5.15,2011-06-28,15,53,-12540,-99990,66,-12.54%,sdc
57,C37_P10,57,2011-09-17,2011-07-11,860/815/760,6.5,2011-07-28,17,51,6000,-99000,60,6.06%,sdc
58,C37_P10,58,2011-10-22,2011-08-15,750/700/620,1.95,2011-08-18,3,65,-5890,-99045,31,-5.95%,sdc
59,C37_P10,59,2011-11-19,2011-09-12,720/650/570,11.3,2011-09-21,9,59,12649,-97979,46,12.91%,tp
60,C37_P10,60,2011-12-17,2011-10-10,720/660/580,5.85,2011-10-24,14,54,-1139,-98229,38,-1.16%,sdc
61,C37_P10,61,2012-01-21,2011-11-14,770/710/630,5.95,2011-11-23,9,59,6460,-98610,38,6.55%,sdc
62,C37_P10,62,2012-02-18,2011-12-12,770/710/640,9.2,2011-12-19,7,61,11180,-99840,52,11.2%,tp
63,C37_P10,63,2012-03-17,2012-01-09,785/740/670,2.7,2012-01-25,16,52,4499,-99720,36,4.51%,sdc
64,C37_P10,64,2012-04-21,2012-02-13,850/810/740,0.75,2012-03-06,22,46,3679,-98400,32,3.74%,sdc
65,C37_P10,65,2012-05-19,2012-03-12,840/800/740,2.8,2012-04-04,23,45,10320,-98040,43,10.53%,tp
66,C37_P10,66,2012-06-16,2012-04-09,830/790/730,2.3,2012-05-02,23,45,9899,-98120,44,10.09%,tp
67,C37_P10,67,2012-07-21,2012-05-14,810/760/700,7.65,2012-06-01,18,50,10079,-98840,56,10.2%,sdc
68,C37_P10,68,2012-08-18,2012-06-11,780/740/680,1.75,2012-06-29,18,50,6975,-97875,45,7.13%,sdc
69,C37_P10,69,2012-09-22,2012-07-16,820/780/725,3.65,2012-07-26,10,58,11659,-98845,53,11.8%,tp
70,C37_P10,70,2012-10-20,2012-08-13,820/785/730,2.0,2012-09-06,24,44,2700,-99000,45,2.73%,sdc
71,C37_P10,71,2012-11-17,2012-09-10,860/820/770,5.8,2012-09-25,15,53,10080,-99540,63,10.13%,tp
72,C37_P10,72,2012-12-22,2012-10-15,845/810/765,4.25,2012-10-31,16,52,10500,-99750,70,10.53%,tp
73,C37_P10,73,2013-01-19,2012-11-12,820/780/730,6.35,2012-11-16,4,64,10369,-99735,61,10.4%,tp
74,C37_P10,74,2013-02-16,2012-12-10,850/810/760,6.45,2013-01-02,23,45,-16350,-98700,60,-16.57%,sdc
75,C37_P10,75,2013-03-16,2013-01-07,895/860/810,3.85,2013-01-22,15,53,397,-99905,53,0.4%,sdc
76,C37_P10,76,2013-04-20,2013-02-11,930/900/855,2.5,2013-03-08,25,43,427,-99750,57,0.43%,sdc
77,C37_P10,77,2013-05-18,2013-03-11,960/925/880,5.5,2013-04-03,23,45,12799,-99200,64,12.9%,tp
78,C37_P10,78,2013-06-22,2013-04-15,930/890/840,5.7,2013-04-25,10,58,-10710,-98910,63,-10.83%,sdc
79,C37_P10,79,2013-07-20,2013-05-13,995/955/900,4.7,2013-06-18,36,32,375,-98500,50,0.38%,sdc
80,C37_P10,80,2013-08-17,2013-06-10,1015/975/915,2.75,2013-06-20,10,58,1505,-97825,43,1.54%,sdc
81,C37_P10,81,2013-09-21,2013-07-15,1065/1025/970,4.25,2013-08-06,22,46,10455,-98175,51,10.65%,tp
82,C37_P10,82,2013-10-19,2013-08-12,1080/1040/980,3.6,2013-08-16,4,64,-1259,-99120,42,-1.27%,sdc
83,C37_P10,83,2013-11-16,2013-09-09,1070/1030/960,1.3,2013-10-01,22,46,4030,-97030,31,4.15%,sdc
84,C37_P10,84,2013-12-21,2013-10-14,1110/1070/1010,3.55,2013-10-24,10,58,2100,-98909,42,2.12%,sdc
85,C37_P10,85,2014-01-18,2013-11-11,1125/1085/1030,4.75,2013-11-26,15,53,-2750,-98750,50,-2.78%,sdc
86,C37_P10,86,2014-02-22,2013-12-16,1140/1100/1040,2.5,2013-12-23,7,61,4180,-99000,44,4.22%,sdc
87,C37_P10,87,2014-03-22,2014-01-13,1170/1120/1060,8.65,2014-01-22,9,59,-13250,-98845,53,-13.4%,sdc
88,C37_P10,88,2014-04-19,2014-02-10,1140/1100/1030,0.8,2014-02-18,8,60,3680,-98560,32,3.73%,sdc
89,C37_P10,89,2014-05-17,2014-03-10,1220/1180/1110,0.3,2014-03-26,16,52,165,-99989,33,0.17%,sdc
90,C37_P10,90,2014-06-21,2014-04-14,1140/1090/1020,4.2,2014-04-22,8,60,2254,-99220,41,2.27%,sdc
91,C37_P10,91,2014-07-19,2014-05-12,1160/1120/1060,2.5,2014-05-14,2,66,0,-99000,44,0.0%,sdc
92,C37_P10,92,2014-08-16,2014-06-09,1200/1150/1090,8.15,2014-07-01,22,46,-6050,-99825,55,-6.06%,sdc
93,C37_P10,93,2014-09-20,2014-07-14,1190/1150/1080,0.4,2014-07-17,3,65,-6719,-97280,32,-6.91%,sdc
94,C37_P10,94,2014-10-18,2014-08-11,1170/1120/1050,5.45,2014-08-26,15,53,1950,-99255,39,1.96%,sdc
95,C37_P10,95,2014-11-22,2014-09-15,1170/1130/1060,0.25,2014-09-25,10,58,-2310,-99824,33,-2.31%,sdc
96,C37_P10,96,2014-12-20,2014-10-13,1080/1030/955,3.05,2014-10-21,8,60,875,-98175,35,0.89%,sdc
97,C37_P10,97,2015-01-17,2014-11-10,1200/1160/1090,1.05,2014-12-15,35,33,319,-99359,32,0.32%,sdc
98,C37_P10,98,2015-02-20,2014-12-12,1190/1130/1050,7.6,2014-12-19,7,63,-5039,-99360,36,-5.07%,sdc
99,C37_P10,99,2015-03-20,2015-01-09,1220/1170/1090,2.8,2015-02-10,32,38,10200,-98399,30,10.37%,tp
100,C37_P10,100,2015-04-17,2015-02-06,1230/1180/1100,2.2,2015-02-26,20,50,7749,-99820,31,7.76%,sdc
101,C37_P10,101,2015-05-15,2015-03-06,1240/1190/1120,5.05,2015-03-18,12,58,-2144,-97695,39,-2.19%,sdc
102,C37_P10,102,2015-06-19,2015-04-10,1290/1240/1180,7.3,2015-04-17,7,63,9975,-98610,57,10.12%,tp
103,C37_P10,103,2015-07-17,2015-05-08,1260/1210/1150,7.4,2015-06-03,26,44,-5700,-99179,57,-5.75%,sdc
104,C37_P10,104,2015-08-21,2015-06-12,1290/1240/1180,7.0,2015-07-02,20,50,11020,-98600,58,11.18%,tp
105,C37_P10,105,2015-09-18,2015-07-10,1280/1230/1150,2.85,2015-07-21,11,59,10200,-98549,30,10.35%,tp
106,C37_P10,106,2015-10-16,2015-08-07,1230/1180/1120,6.7,2015-08-20,13,57,11800,-98530,59,11.98%,tp
107,C37_P10,107,2015-11-20,2015-09-11,1190/1130/1050,6.5,2015-09-23,12,58,11284,-98050,37,11.51%,tp
108,C37_P10,108,2015-12-19,2015-10-12,1190/1140/1070,5.35,2015-10-27,15,53,10530,-98865,39,10.65%,tp
109,C37_P10,109,2016-01-15,2015-11-06,1230/1180/1110,5.6,2015-11-12,6,64,194,-99840,39,0.19%,sdc
110,C37_P10,110,2016-02-19,2015-12-11,1150/1100/1020,2.4,2015-12-29,18,52,6450,-97200,30,6.64%,sdc
111,C37_P10,111,2016-03-18,2016-01-08,1085/1030/950,4.65,2016-01-15,7,63,1319,-97845,33,1.35%,sdc
112,C37_P10,112,2016-04-15,2016-02-05,1020/970/890,1.45,2016-02-25,20,50,9299,-97495,31,9.54%,sdc
113,C37_P10,113,2016-05-20,2016-03-11,1120/1070/1000,5.2,2016-03-23,12,58,10725,-98280,39,10.91%,tp
114,C37_P10,114,2016-06-17,2016-04-08,1120/1070/1010,7.1,2016-04-18,10,60,-10440,-99179,58,-10.53%,sdc
115,C37_P10,115,2016-07-15,2016-05-06,1140/1090/1020,5.55,2016-05-27,21,49,1169,-99645,39,1.17%,sdc
116,C37_P10,116,2016-08-19,2016-06-10,1190/1140/1070,5.0,2016-06-27,17,53,0,-99999,40,0.0%,sdc
117,C37_P10,117,2016-09-16,2016-07-08,1200/1160/1090,0.7,2016-07-27,19,51,4160,-98240,32,4.23%,sdc
118,C37_P10,118,2016-10-21,2016-08-12,1260/1210/1150,8.2,2016-09-13,32,38,13229,-98279,54,13.46%,tp
119,C37_P10,119,2016-11-18,2016-09-09,1260/1200/1130,10.0,2016-09-22,13,57,-11025,-98000,49,-11.25%,sdc
120,C37_P10,120,2016-12-16,2016-10-07,1270/1220/1140,3.3,2016-10-24,17,53,10950,-99900,30,10.96%,tp
121,C37_P10,121,2017-01-20,2016-11-11,1310/1260/1180,3.35,2016-11-22,11,59,-1014,-96715,29,-1.05%,sdc
122,C37_P10,122,2017-02-17,2016-12-09,1420/1370/1290,3.2,2017-01-04,26,44,11399,-99600,30,11.44%,tp
123,C37_P10,123,2017-03-17,2017-01-06,1400/1350/1270,3.85,2017-01-24,18,52,10439,-98165,29,10.63%,tp
124,C37_P10,124,2017-04-21,2017-02-10,1420/1370/1290,3.8,2017-03-03,21,49,11020,-98020,29,11.24%,tp
125,C37_P10,125,2017-05-19,2017-03-10,1400/1340/1270,11.65,2017-03-22,12,58,11270,-99590,46,11.32%,tp
126,C37_P10,126,2017-06-16,2017-04-07,1400/1340/1270,11.45,2017-04-24,17,53,-8739,-98669,46,-8.86%,sdc
127,C37_P10,127,2017-07-21,2017-05-12,1410/1360/1300,8.55,2017-05-30,18,52,12720,-98315,53,12.94%,tp
128,C37_P10,128,2017-08-18,2017-06-09,1450/1400/1330,6.4,2017-06-16,7,63,9804,-97680,37,10.04%,tp
129,C37_P10,129,2017-09-15,2017-07-07,1440/1400/1330,1.75,2017-07-25,18,52,3874,-98425,31,3.94%,sdc
130,C37_P10,130,2017-10-20,2017-08-11,1410/1350/1270,8.8,2017-08-31,20,50,340,-97920,34,0.35%,sdc
131,C37_P10,131,2017-11-17,2017-09-08,1430/1380/1310,5.95,2017-09-18,10,60,-2090,-98610,38,-2.12%,sdc
132,C37_P10,132,2017-12-15,2017-10-06,1540/1490/1430,8.35,2017-10-16,10,60,13500,-99090,54,13.62%,tp
133,C37_P10,133,2018-01-19,2017-11-10,1510/1460/1390,7.2,2017-11-22,12,58,-6480,-97920,36,-6.62%,sdc
134,C37_P10,134,2018-02-16,2017-12-08,1550/1500/1430,6.5,2018-01-04,27,43,185,-98050,37,0.19%,sdc
135,C37_P10,135,2018-03-16,2018-01-05,1590/1540/1480,9.55,2018-01-22,17,53,-17595,-99705,51,-17.65%,sdc
136,C37_P10,136,2018-04-20,2018-02-09,1530/1450/1340,10.2,2018-02-15,6,64,-359,-96480,24,-0.37%,sdc
137,C37_P10,137,2018-05-18,2018-03-09,1630/1580/1500,3.35,2018-03-22,13,57,-1159,-96715,29,-1.2%,sdc
138,C37_P10,138,2018-06-15,2018-04-06,1555/1495/1400,4.85,2018-04-16,10,60,1499,-99625,25,1.5%,sdc
139,C37_P10,139,2018-07-20,2018-05-11,1640/1590/1520,7.4,2018-05-30,19,51,-8820,-98640,36,-8.94%,sdc
140,C37_P10,140,2018-08-17,2018-06-08,1700/1660/1590,1.6,2018-07-18,40,30,10230,-97960,31,10.44%,tp
141,C37_P10,141,2018-09-21,2018-07-13,1725/1670/1595,7.1,2018-07-27,14,56,10439,-97560,36,10.7%,tp
142,C37_P10,142,2018-10-19,2018-08-10,1725/1675/1600,5.9,2018-08-29,19,51,-3360,-98880,32,-3.4%,sdc
143,C37_P10,143,2018-11-16,2018-09-07,1750/1695/1610,5.3,2018-09-19,12,58,10779,-98840,28,10.91%,tp
144,C37_P10,144,2018-12-21,2018-10-12,1590/1525/1430,5.25,2018-10-24,12,58,-3920,-98700,28,-3.97%,sdc
145,C37_P10,145,2019-01-18,2018-11-09,1600/1530/1440,9.35,2018-11-19,10,60,6459,-99790,34,6.47%,sdc
146,C37_P10,146,2019-02-15,2018-12-07,1500/1425/1320,7.25,2018-12-17,10,60,-1560,-96850,26,-1.61%,sdc
147,C37_P10,147,2019-03-15,2019-01-04,1430/1360/1260,6.2,2019-01-11,7,63,-270,-97739,27,-0.28%,sdc
148,C37_P10,148,2019-05-17,2019-03-08,1560/1500/1410,5.05,2019-04-03,26,44,5320,-98140,28,5.42%,sdc
149,C37_P10,149,2019-06-21,2019-04-12,1625/1570/1490,5.95,2019-05-13,31,39,-4159,-99040,32,-4.2%,sdc
150,C37_P10,150,2019-07-19,2019-05-10,1620/1555/1465,7.85,2019-05-13,3,67,-1200,-98550,30,-1.22%,sdc
151,C37_P10,151,2019-08-16,2019-06-07,1555/1495/1415,6.35,2019-06-20,13,57,-1294,-97495,37,-1.33%,sdc
152,C37_P10,152,2019-09-20,2019-07-12,1605/1555/1480,4.5,2019-08-06,25,45,-3630,-97350,33,-3.73%,stop
153,C37_P50,1,2007-01-20,2006-11-13,800/770/730,3.6,2006-12-14,31,37,7117,-99280,73,7.17%,sdc
154,C37_P50,2,2007-02-17,2006-12-11,820/790/740,0.9,2007-01-05,25,43,8930,-98230,47,9.09%,sdc
155,C37_P50,3,2007-03-17,2007-01-08,810/770/720,6.45,2007-01-31,23,45,4500,-98700,60,4.56%,sdc
156,C37_P50,4,2007-04-21,2007-02-12,830/800/760,3.45,2007-03-02,18,50,-2590,-99530,74,-2.6%,sdc
157,C37_P50,5,2007-05-19,2007-03-12,820/780/730,6.7,2007-04-05,24,44,-6194,-98530,59,-6.29%,sdc
158,C37_P50,6,2007-06-16,2007-04-09,840/810/760,1.25,2007-05-21,42,26,15510,-99875,47,15.53%,sdc
159,C37_P50,7,2007-07-21,2007-05-14,850/810/760,6.1,2007-05-30,16,52,-929,-99820,62,-0.93%,sdc
160,C37_P50,8,2007-08-18,2007-06-11,860/830/780,0.75,2007-07-24,43,25,5519,-99600,48,5.54%,sdc
161,C37_P50,9,2007-09-22,2007-07-16,880/840/780,3.65,2007-07-24,8,60,-4410,-99330,42,-4.44%,sdc
162,C37_P50,10,2007-10-20,2007-08-13,820/770/700,4.8,2007-09-19,37,31,7400,-99200,40,7.46%,sdc
163,C37_P50,11,2007-11-17,2007-09-10,820/760/690,8.85,2007-09-19,9,59,-6359,-99905,53,-6.37%,sdc
164,C37_P50,12,2007-12-22,2007-10-15,860/820/750,0.75,2007-11-01,17,51,-3520,-98400,32,-3.58%,sdc
165,C37_P50,13,2008-01-19,2007-11-12,810/760/690,4.5,2007-12-17,35,33,22000,-98000,40,22.45%,sdc
166,C37_P50,14,2008-02-16,2007-12-10,830/780/720,7.6,2007-12-17,7,61,-1400,-98560,56,-1.42%,sdc
167,C37_P50,15,2008-03-22,2008-01-14,750/700/640,7.8,2008-01-18,4,64,7559,-99680,56,7.58%,sdc
168,C37_P50,16,2008-04-19,2008-02-11,740/690/620,5.05,2008-03-06,24,44,10724,-97694,39,10.98%,sdc
169,C37_P50,17,2008-05-17,2008-03-10,680/630/570,7.65,2008-03-24,14,54,-11759,-98840,56,-11.9%,sdc
170,C37_P50,18,2008-06-21,2008-04-14,720/670/620,10.3,2008-04-18,4,64,-22310,-99909,97,-22.33%,sdc
171,C37_P50,19,2008-07-19,2008-05-12,760/720/670,5.7,2008-06-05,24,44,-1890,-98910,63,-1.91%,sdc
172,C37_P50,20,2008-08-16,2008-06-09,770/720/660,8.45,2008-06-26,17,51,18630,-99630,54,18.7%,sdc
173,C37_P50,21,2008-09-20,2008-07-14,700/650/600,10.0,2008-07-22,8,60,-31500,-100000,100,-31.5%,sdc
174,C37_P50,22,2008-10-18,2008-08-11,780/740/680,3.5,2008-08-25,14,54,-4200,-98700,42,-4.26%,sdc
175,C37_P50,23,2008-11-22,2008-09-15,730/680/620,7.3,2008-09-19,4,64,-14249,-98610,57,-14.45%,sdc
176,C37_P50,24,2008-12-20,2008-10-13,610/550/460,3.15,2008-10-22,9,59,-7650,-99450,30,-7.69%,sdc
177,C37_P50,25,2009-01-17,2008-11-10,540/480/400,6.95,2008-11-18,8,60,-5550,-99715,37,-5.57%,sdc
178,C37_P50,26,2009-02-21,2008-12-15,500/440/370,8.45,2008-12-31,16,52,7560,-99630,54,7.59%,sdc
179,C37_P50,27,2009-03-21,2009-01-12,500/450/390,6.8,2009-02-17,36,32,41595,-99120,59,41.96%,sdc
180,C37_P50,28,2009-04-18,2009-02-09,500/450/400,10.15,2009-02-18,9,59,24010,-99470,98,24.14%,sdc
181,C37_P50,29,2009-05-16,2009-03-09,370/330/290,7.55,2009-03-12,3,65,-29700,-99660,132,-29.8%,sdc
182,C37_P50,30,2009-06-20,2009-04-13,500/460/400,1.45,2009-05-08,25,43,14029,-98670,46,14.22%,sdc
183,C37_P50,31,2009-07-18,2009-05-11,530/490/440,4.7,2009-06-09,29,39,11900,-99960,68,11.9%,sdc
184,C37_P50,32,2009-08-22,2009-06-15,540/500/440,3.65,2009-07-07,22,46,11760,-99330,42,11.84%,sdc
185,C37_P50,33,2009-09-19,2009-07-13,510/480/430,0.7,2009-07-16,3,65,2879,-99360,48,2.9%,sdc
186,C37_P50,34,2009-10-17,2009-08-10,600/560/510,6.4,2009-09-14,35,33,3450,-98400,60,3.51%,sdc
187,C37_P50,35,2009-11-21,2009-09-14,620/590/540,0.25,2009-10-19,35,33,16292,-99225,49,16.42%,sdc
188,C37_P50,36,2009-12-19,2009-10-12,640/600/550,6.05,2009-10-28,16,52,-309,-99510,62,-0.31%,sdc
189,C37_P50,37,2010-01-16,2009-11-09,610/580/530,0.25,2009-12-21,42,26,15067,-99225,49,15.18%,sdc
190,C37_P50,38,2010-02-20,2009-12-14,630/590/550,7.8,2009-12-24,10,58,-19839,-99839,128,-19.87%,sdc
191,C37_P50,39,2010-03-20,2010-01-11,670/630/590,9.1,2010-01-22,11,57,19619,-99189,109,19.78%,sdc
192,C37_P50,40,2010-04-17,2010-02-08,610/580/530,1.0,2010-02-17,9,59,3524,-98699,47,3.57%,sdc
193,C37_P50,41,2010-05-22,2010-03-15,690/660/620,3.15,2010-04-06,22,46,190,-99940,76,0.19%,sdc
194,C37_P50,42,2010-06-19,2010-04-12,720/690/650,3.25,2010-04-22,10,58,-6375,-99375,75,-6.42%,sdc
195,C37_P50,43,2010-07-17,2010-05-10,710/670/600,0.9,2010-05-20,10,58,-9920,-98880,32,-10.03%,sdc
196,C37_P50,44,2010-08-21,2010-06-14,680/640/570,-0.25,2010-06-29,15,53,-3299,-98174,33,-3.36%,sdc
197,C37_P50,45,2010-09-18,2010-07-12,650/610/550,2.7,2010-07-26,14,54,220,-99879,44,0.22%,sdc
198,C37_P50,46,2010-10-16,2010-08-09,690/640/590,10.55,2010-08-11,2,66,21619,-99170,94,21.8%,sdc
199,C37_P50,47,2010-11-20,2010-09-13,680/640/580,3.0,2010-10-05,22,46,2579,-98900,43,2.61%,sdc
200,C37_P50,48,2010-12-18,2010-10-11,720/680/620,2.75,2010-11-04,24,44,6450,-97824,43,6.59%,sdc
201,C37_P50,49,2011-01-22,2010-11-15,745/705/650,3.8,2010-12-03,18,50,1590,-99640,53,1.6%,sdc
202,C37_P50,50,2011-02-19,2010-12-13,795/760/705,1.9,2011-01-12,30,38,5737,-98550,45,5.82%,sdc
203,C37_P50,51,2011-03-19,2011-01-10,820/780/720,3.55,2011-02-11,32,36,6615,-98910,42,6.69%,sdc
204,C37_P50,52,2011-04-16,2011-02-07,830/790/730,3.2,2011-03-25,46,22,14082,-99760,43,14.12%,sdc
205,C37_P50,53,2011-05-21,2011-03-14,830/780/720,7.15,2011-03-30,16,52,-6959,-99470,58,-7.0%,sdc
206,C37_P50,54,2011-06-18,2011-04-11,860/820/760,2.3,2011-05-24,43,25,36740,-98120,44,37.44%,sdc
207,C37_P50,55,2011-07-16,2011-05-09,865/830/770,1.0,2011-05-23,14,54,-1900,-98800,38,-1.92%,sdc
208,C37_P50,56,2011-08-20,2011-06-13,800/760/710,5.15,2011-06-28,15,53,-12540,-99990,66,-12.54%,sdc
209,C37_P50,57,2011-09-17,2011-07-11,860/815/760,6.5,2011-07-28,17,51,6000,-99000,60,6.06%,sdc
210,C37_P50,58,2011-10-22,2011-08-15,750/700/620,1.95,2011-08-18,3,65,-5890,-99045,31,-5.95%,sdc
211,C37_P50,59,2011-11-19,2011-09-12,720/650/570,11.3,2011-10-03,21,47,11959,-97979,46,12.21%,sdc
212,C37_P50,60,2011-12-17,2011-10-10,720/660/580,5.85,2011-10-24,14,54,-1139,-98229,38,-1.16%,sdc
213,C37_P50,61,2012-01-21,2011-11-14,770/710/630,5.95,2011-11-23,9,59,6460,-98610,38,6.55%,sdc
214,C37_P50,62,2012-02-18,2011-12-12,770/710/640,9.2,2012-01-10,29,39,7800,-99840,52,7.81%,sdc
215,C37_P50,63,2012-03-17,2012-01-09,785/740/670,2.7,2012-01-25,16,52,4499,-99720,36,4.51%,sdc
216,C37_P50,64,2012-04-21,2012-02-13,850/810/740,0.75,2012-03-06,22,46,3679,-98400,32,3.74%,sdc
217,C37_P50,65,2012-05-19,2012-03-12,840/800/740,2.8,2012-04-10,29,39,9030,-98040,43,9.21%,sdc
218,C37_P50,66,2012-06-16,2012-04-09,830/790/730,2.3,2012-05-15,36,32,17599,-98120,44,17.94%,sdc
219,C37_P50,67,2012-07-21,2012-05-14,810/760/700,7.65,2012-06-01,18,50,10079,-98840,56,10.2%,sdc
220,C37_P50,68,2012-08-18,2012-06-11,780/740/680,1.75,2012-06-29,18,50,6975,-97875,45,7.13%,sdc
221,C37_P50,69,2012-09-22,2012-07-16,820/780/725,3.65,2012-08-17,32,36,15635,-98845,53,15.82%,sdc
222,C37_P50,70,2012-10-20,2012-08-13,820/785/730,2.0,2012-09-06,24,44,2700,-99000,45,2.73%,sdc
223,C37_P50,71,2012-11-17,2012-09-10,860/820/770,5.8,2012-10-22,42,26,55440,-99540,63,55.7%,tp
224,C37_P50,72,2012-12-22,2012-10-15,845/810/765,4.25,2012-11-08,24,44,17150,-99750,70,17.19%,sdc
225,C37_P50,73,2013-01-19,2012-11-12,820/780/730,6.35,2012-11-29,17,51,-2287,-99735,61,-2.29%,sdc
226,C37_P50,74,2013-02-16,2012-12-10,850/810/760,6.45,2013-01-02,23,45,-16350,-98700,60,-16.57%,sdc
227,C37_P50,75,2013-03-16,2013-01-07,895/860/810,3.85,2013-01-22,15,53,397,-99905,53,0.4%,sdc
228,C37_P50,76,2013-04-20,2013-02-11,930/900/855,2.5,2013-03-08,25,43,427,-99750,57,0.43%,sdc
229,C37_P50,77,2013-05-18,2013-03-11,960/925/880,5.5,2013-04-15,35,33,11519,-99200,64,11.61%,sdc
230,C37_P50,78,2013-06-22,2013-04-15,930/890/840,5.7,2013-04-25,10,58,-10710,-98910,63,-10.83%,sdc
231,C37_P50,79,2013-07-20,2013-05-13,995/955/900,4.7,2013-06-18,36,32,375,-98500,50,0.38%,sdc
232,C37_P50,80,2013-08-17,2013-06-10,1015/975/915,2.75,2013-06-20,10,58,1505,-97825,43,1.54%,sdc
233,C37_P50,81,2013-09-21,2013-07-15,1065/1025/970,4.25,2013-08-19,35,33,24990,-98175,51,25.45%,sdc
234,C37_P50,82,2013-10-19,2013-08-12,1080/1040/980,3.6,2013-08-16,4,64,-1259,-99120,42,-1.27%,sdc
235,C37_P50,83,2013-11-16,2013-09-09,1070/1030/960,1.3,2013-10-01,22,46,4030,-97030,31,4.15%,sdc
236,C37_P50,84,2013-12-21,2013-10-14,1110/1070/1010,3.55,2013-10-24,10,58,2100,-98909,42,2.12%,sdc
237,C37_P50,85,2014-01-18,2013-11-11,1125/1085/1030,4.75,2013-11-26,15,53,-2750,-98750,50,-2.78%,sdc
238,C37_P50,86,2014-02-22,2013-12-16,1140/1100/1040,2.5,2013-12-23,7,61,4180,-99000,44,4.22%,sdc
239,C37_P50,87,2014-03-22,2014-01-13,1170/1120/1060,8.65,2014-01-22,9,59,-13250,-98845,53,-13.4%,sdc
240,C37_P50,88,2014-04-19,2014-02-10,1140/1100/1030,0.8,2014-02-18,8,60,3680,-98560,32,3.73%,sdc
241,C37_P50,89,2014-05-17,2014-03-10,1220/1180/1110,0.3,2014-03-26,16,52,165,-99989,33,0.17%,sdc
242,C37_P50,90,2014-06-21,2014-04-14,1140/1090/1020,4.2,2014-04-22,8,60,2254,-99220,41,2.27%,sdc
243,C37_P50,91,2014-07-19,2014-05-12,1160/1120/1060,2.5,2014-05-14,2,66,0,-99000,44,0.0%,sdc
244,C37_P50,92,2014-08-16,2014-06-09,1200/1150/1090,8.15,2014-07-01,22,46,-6050,-99825,55,-6.06%,sdc
245,C37_P50,93,2014-09-20,2014-07-14,1190/1150/1080,0.4,2014-07-17,3,65,-6719,-97280,32,-6.91%,sdc
246,C37_P50,94,2014-10-18,2014-08-11,1170/1120/1050,5.45,2014-08-26,15,53,1950,-99255,39,1.96%,sdc
247,C37_P50,95,2014-11-22,2014-09-15,1170/1130/1060,0.25,2014-09-25,10,58,-2310,-99824,33,-2.31%,sdc
248,C37_P50,96,2014-12-20,2014-10-13,1080/1030/955,3.05,2014-10-21,8,60,875,-98175,35,0.89%,sdc
249,C37_P50,97,2015-01-17,2014-11-10,1200/1160/1090,1.05,2014-12-15,35,33,319,-99359,32,0.32%,sdc
250,C37_P50,98,2015-02-20,2014-12-12,1190/1130/1050,7.6,2014-12-19,7,63,-5039,-99360,36,-5.07%,sdc
251,C37_P50,99,2015-03-20,2015-01-09,1220/1170/1090,2.8,2015-02-13,35,35,10800,-98399,30,10.98%,sdc
252,C37_P50,100,2015-04-17,2015-02-06,1230/1180/1100,2.2,2015-02-26,20,50,7749,-99820,31,7.76%,sdc
253,C37_P50,101,2015-05-15,2015-03-06,1240/1190/1120,5.05,2015-03-18,12,58,-2144,-97695,39,-2.19%,sdc
254,C37_P50,102,2015-06-19,2015-04-10,1290/1240/1180,7.3,2015-04-30,20,50,22515,-98610,57,22.83%,sdc
255,C37_P50,103,2015-07-17,2015-05-08,1260/1210/1150,7.4,2015-06-03,26,44,-5700,-99179,57,-5.75%,sdc
256,C37_P50,104,2015-08-21,2015-06-12,1290/1240/1180,7.0,2015-07-23,41,29,55679,-98600,58,56.47%,tp
257,C37_P50,105,2015-09-18,2015-07-10,1280/1230/1150,2.85,2015-07-27,17,53,10950,-98549,30,11.11%,sdc
258,C37_P50,106,2015-10-16,2015-08-07,1230/1180/1120,6.7,2015-08-21,14,56,10619,-98530,59,10.78%,sdc
259,C37_P50,107,2015-11-20,2015-09-11,1190/1130/1050,6.5,2015-09-28,17,53,13135,-98050,37,13.4%,sdc
260,C37_P50,108,2015-12-19,2015-10-12,1190/1140/1070,5.35,2015-11-06,25,43,975,-98865,39,0.99%,sdc
261,C37_P50,109,2016-01-15,2015-11-06,1230/1180/1110,5.6,2015-11-12,6,64,194,-99840,39,0.19%,sdc
262,C37_P50,110,2016-02-19,2015-12-11,1150/1100/1020,2.4,2015-12-29,18,52,6450,-97200,30,6.64%,sdc
263,C37_P50,111,2016-03-18,2016-01-08,1085/1030/950,4.65,2016-01-15,7,63,1319,-97845,33,1.35%,sdc
264,C37_P50,112,2016-04-15,2016-02-05,1020/970/890,1.45,2016-02-25,20,50,9299,-97495,31,9.54%,sdc
265,C37_P50,113,2016-05-20,2016-03-11,1120/1070/1000,5.2,2016-04-13,33,37,5070,-98280,39,5.16%,sdc
266,C37_P50,114,2016-06-17,2016-04-08,1120/1070/1010,7.1,2016-04-18,10,60,-10440,-99179,58,-10.53%,sdc
267,C37_P50,115,2016-07-15,2016-05-06,1140/1090/1020,5.55,2016-05-27,21,49,1169,-99645,39,1.17%,sdc
268,C37_P50,116,2016-08-19,2016-06-10,1190/1140/1070,5.0,2016-06-27,17,53,0,-99999,40,0.0%,sdc
269,C37_P50,117,2016-09-16,2016-07-08,1200/1160/1090,0.7,2016-07-27,19,51,4160,-98240,32,4.23%,sdc
270,C37_P50,118,2016-10-21,2016-08-12,1260/1210/1150,8.2,2016-09-22,41,29,-6750,-98279,54,-6.87%,sdc
271,C37_P50,119,2016-11-18,2016-09-09,1260/1200/1130,10.0,2016-09-22,13,57,-11025,-98000,49,-11.25%,sdc
272,C37_P50,120,2016-12-16,2016-10-07,1270/1220/1140,3.3,2016-10-26,19,51,8250,-99900,30,8.26%,sdc
273,C37_P50,121,2017-01-20,2016-11-11,1310/1260/1180,3.35,2016-11-22,11,59,-1014,-96715,29,-1.05%,sdc
274,C37_P50,122,2017-02-17,2016-12-09,1420/1370/1290,3.2,2017-01-17,39,31,21600,-99600,30,21.69%,sdc
275,C37_P50,123,2017-03-17,2017-01-06,1400/1350/1270,3.85,2017-02-14,39,31,14064,-98165,29,14.33%,sdc
276,C37_P50,124,2017-04-21,2017-02-10,1420/1370/1290,3.8,2017-03-21,39,31,19720,-98020,29,20.12%,sdc
277,C37_P50,125,2017-05-19,2017-03-10,1400/1340/1270,11.65,2017-04-24,45,25,-5404,-99590,46,-5.43%,sdc
278,C37_P50,126,2017-06-16,2017-04-07,1400/1340/1270,11.45,2017-04-24,17,53,-8739,-98669,46,-8.86%,sdc
279,C37_P50,127,2017-07-21,2017-05-12,1410/1360/1300,8.55,2017-06-08,27,43,-5830,-98315,53,-5.93%,sdc
280,C37_P50,128,2017-08-18,2017-06-09,1450/1400/1330,6.4,2017-07-19,40,30,14244,-97680,37,14.58%,sdc
281,C37_P50,129,2017-09-15,2017-07-07,1440/1400/1330,1.75,2017-07-25,18,52,3874,-98425,31,3.94%,sdc
282,C37_P50,130,2017-10-20,2017-08-11,1410/1350/1270,8.8,2017-08-31,20,50,340,-97920,34,0.35%,sdc
283,C37_P50,131,2017-11-17,2017-09-08,1430/1380/1310,5.95,2017-09-18,10,60,-2090,-98610,38,-2.12%,sdc
284,C37_P50,132,2017-12-15,2017-10-06,1540/1490/1430,8.35,2017-11-09,34,36,31050,-99090,54,31.34%,sdc
285,C37_P50,133,2018-01-19,2017-11-10,1510/1460/1390,7.2,2017-11-22,12,58,-6480,-97920,36,-6.62%,sdc
286,C37_P50,134,2018-02-16,2017-12-08,1550/1500/1430,6.5,2018-01-04,27,43,185,-98050,37,0.19%,sdc
287,C37_P50,135,2018-03-16,2018-01-05,1590/1540/1480,9.55,2018-01-22,17,53,-17595,-99705,51,-17.65%,sdc
288,C37_P50,136,2018-04-20,2018-02-09,1530/1450/1340,10.2,2018-02-15,6,64,-359,-96480,24,-0.37%,sdc
289,C37_P50,137,2018-05-18,2018-03-09,1630/1580/1500,3.35,2018-03-22,13,57,-1159,-96715,29,-1.2%,sdc
290,C37_P50,138,2018-06-15,2018-04-06,1555/1495/1400,4.85,2018-04-16,10,60,1499,-99625,25,1.5%,sdc
291,C37_P50,139,2018-07-20,2018-05-11,1640/1590/1520,7.4,2018-05-30,19,51,-8820,-98640,36,-8.94%,sdc
292,C37_P50,140,2018-08-17,2018-06-08,1700/1660/1590,1.6,2018-07-20,42,28,8060,-97960,31,8.23%,sdc
293,C37_P50,141,2018-09-21,2018-07-13,1725/1670/1595,7.1,2018-08-21,39,31,8459,-97560,36,8.67%,sdc
294,C37_P50,142,2018-10-19,2018-08-10,1725/1675/1600,5.9,2018-08-29,19,51,-3360,-98880,32,-3.4%,sdc
295,C37_P50,143,2018-11-16,2018-09-07,1750/1695/1610,5.3,2018-10-01,24,46,14280,-98840,28,14.45%,sdc
296,C37_P50,144,2018-12-21,2018-10-12,1590/1525/1430,5.25,2018-10-24,12,58,-3920,-98700,28,-3.97%,sdc
297,C37_P50,145,2019-01-18,2018-11-09,1600/1530/1440,9.35,2018-11-19,10,60,6459,-99790,34,6.47%,sdc
298,C37_P50,146,2019-02-15,2018-12-07,1500/1425/1320,7.25,2018-12-17,10,60,-1560,-96850,26,-1.61%,sdc
299,C37_P50,147,2019-03-15,2019-01-04,1430/1360/1260,6.2,2019-01-11,7,63,-270,-97739,27,-0.28%,sdc
300,C37_P50,148,2019-05-17,2019-03-08,1560/1500/1410,5.05,2019-04-03,26,44,5320,-98140,28,5.42%,sdc
301,C37_P50,149,2019-06-21,2019-04-12,1625/1570/1490,5.95,2019-05-13,31,39,-4159,-99040,32,-4.2%,sdc
302,C37_P50,150,2019-07-19,2019-05-10,1620/1555/1465,7.85,2019-05-13,3,67,-1200,-98550,30,-1.22%,sdc
303,C37_P50,151,2019-08-16,2019-06-07,1555/1495/1415,6.35,2019-06-20,13,57,-1294,-97495,37,-1.33%,sdc
304,C37_P50,152,2019-09-20,2019-07-12,1605/1555/1480,4.5,2019-08-06,25,45,-3630,-97350,33,-3.73%,stop
305,C50_P10,1,2007-01-20,2006-11-13,800/770/730,3.6,2006-12-15,32,36,11497,-99280,73,11.58%,tp
306,C50_P10,2,2007-02-17,2006-12-11,820/790/740,0.9,2007-01-04,24,44,13160,-98230,47,13.4%,tp
307,C50_P10,3,2007-03-17,2007-01-08,810/770/720,6.45,2007-01-22,14,54,12299,-98700,60,12.46%,tp
308,C50_P10,4,2007-04-21,2007-02-12,830/800/760,3.45,2007-03-05,21,47,-9990,-99530,74,-10.04%,sdc
309,C50_P10,5,2007-05-19,2007-03-12,820/780/730,6.7,2007-04-13,32,36,-5899,-98530,59,-5.99%,sdc
310,C50_P10,6,2007-06-16,2007-04-09,840/810/760,1.25,2007-05-11,32,36,10692,-99875,47,10.71%,tp
311,C50_P10,7,2007-07-21,2007-05-14,850/810/760,6.1,2007-06-04,21,47,-8059,-99820,62,-8.07%,sdc
312,C50_P10,8,2007-08-18,2007-06-11,860/830/780,0.75,2007-07-16,35,33,10799,-99600,48,10.84%,tp
313,C50_P10,9,2007-09-22,2007-07-16,880/840/780,3.65,2007-07-26,10,58,-15119,-99330,42,-15.22%,sdc
314,C50_P10,10,2007-10-20,2007-08-13,820/770/700,4.8,2007-09-13,31,37,10000,-99200,40,10.08%,tp
315,C50_P10,11,2007-11-17,2007-09-10,820/760/690,8.85,2007-10-01,21,47,-2649,-99905,53,-2.65%,sdc
316,C50_P10,12,2007-12-22,2007-10-15,860/820/750,0.75,2007-11-07,23,45,-7680,-98400,32,-7.8%,sdc
317,C50_P10,13,2008-01-19,2007-11-12,810/760/690,4.5,2007-11-30,18,50,9800,-98000,40,10.0%,tp
318,C50_P10,14,2008-02-16,2007-12-10,830/780/720,7.6,2007-12-21,11,57,13440,-98560,56,13.64%,tp
319,C50_P10,15,2008-03-22,2008-01-14,750/700/640,7.8,2008-01-22,8,60,11759,-99680,56,11.8%,tp
320,C50_P10,16,2008-04-19,2008-02-11,740/690/620,5.05,2008-02-25,14,54,10139,-97694,39,10.38%,tp
321,C50_P10,17,2008-05-17,2008-03-10,680/630/570,7.65,2008-03-24,14,54,-11759,-98840,56,-11.9%,sdc
322,C50_P10,18,2008-06-21,2008-04-14,720/670/620,10.3,2008-04-28,14,54,-22067,-99909,97,-22.09%,sdc
323,C50_P10,19,2008-07-19,2008-05-12,760/720/670,5.7,2008-06-10,29,39,12914,-98910,63,13.06%,tp
324,C50_P10,20,2008-08-16,2008-06-09,770/720/660,8.45,2008-06-20,11,57,11609,-99630,54,11.65%,tp
325,C50_P10,21,2008-09-20,2008-07-14,700/650/600,10.0,2008-07-22,8,60,-31500,-100000,100,-31.5%,sdc
326,C50_P10,22,2008-10-18,2008-08-11,780/740/680,3.5,2008-09-09,29,39,-4410,-98700,42,-4.47%,sdc
327,C50_P10,23,2008-11-22,2008-09-15,730/680/620,7.3,2008-10-03,18,50,-11684,-98610,57,-11.85%,sdc
328,C50_P10,24,2008-12-20,2008-10-13,610/550/460,3.15,2008-10-22,9,59,-7650,-99450,30,-7.69%,sdc
329,C50_P10,25,2009-01-17,2008-11-10,540/480/400,6.95,2008-11-19,9,59,-14985,-99715,37,-15.03%,sdc
330,C50_P10,26,2009-02-21,2008-12-15,500/440/370,8.45,2008-12-22,7,61,15930,-99630,54,15.99%,tp
331,C50_P10,27,2009-03-21,2009-01-12,500/450/390,6.8,2009-01-23,11,57,10619,-99120,59,10.71%,tp
332,C50_P10,28,2009-04-18,2009-02-09,500/450/400,10.15,2009-02-11,2,66,11760,-99470,98,11.82%,tp
333,C50_P10,29,2009-05-16,2009-03-09,370/330/290,7.55,2009-03-12,3,65,-29700,-99660,132,-29.8%,sdc
334,C50_P10,30,2009-06-20,2009-04-13,500/460/400,1.45,2009-04-29,16,52,10349,-98670,46,10.49%,tp
335,C50_P10,31,2009-07-18,2009-05-11,530/490/440,4.7,2009-05-26,15,53,11560,-99960,68,11.56%,tp
336,C50_P10,32,2009-08-22,2009-06-15,540/500/440,3.65,2009-06-26,11,57,11970,-99330,42,12.05%,tp
337,C50_P10,33,2009-09-19,2009-07-13,510/480/430,0.7,2009-07-23,10,58,3599,-99360,48,3.62%,sdc
338,C50_P10,34,2009-10-17,2009-08-10,600/560/510,6.4,2009-08-31,21,47,10200,-98400,60,10.37%,tp
339,C50_P10,35,2009-11-21,2009-09-14,620/590/540,0.25,2009-10-09,25,43,10290,-99225,49,10.37%,tp
340,C50_P10,36,2009-12-19,2009-10-12,640/600/550,6.05,2009-10-23,11,57,10539,-99510,62,10.59%,tp
341,C50_P10,37,2010-01-16,2009-11-09,610/580/530,0.25,2009-12-01,22,46,10290,-99225,49,10.37%,tp
342,C50_P10,38,2010-02-20,2009-12-14,630/590/550,7.8,2010-01-06,23,45,-19519,-99839,128,-19.55%,sdc
343,C50_P10,39,2010-03-20,2010-01-11,670/630/590,9.1,2010-01-15,4,64,10900,-99189,109,10.99%,tp
344,C50_P10,40,2010-04-17,2010-02-08,610/580/530,1.0,2010-02-19,11,57,3054,-98699,47,3.09%,sdc
345,C50_P10,41,2010-05-22,2010-03-15,690/660/620,3.15,2010-04-12,28,40,-950,-99940,76,-0.95%,sdc
346,C50_P10,42,2010-06-19,2010-04-12,720/690/650,3.25,2010-05-07,25,43,-22125,-99375,75,-22.26%,sdc
347,C50_P10,43,2010-07-17,2010-05-10,710/670/600,0.9,2010-05-25,15,53,-5599,-98880,32,-5.66%,sdc
348,C50_P10,44,2010-08-21,2010-06-14,680/640/570,-0.25,2010-06-30,16,52,-3300,-98174,33,-3.36%,sdc
349,C50_P10,45,2010-09-18,2010-07-12,650/610/550,2.7,2010-08-11,30,38,14300,-99879,44,14.32%,tp
350,C50_P10,46,2010-10-16,2010-08-09,690/640/590,10.55,2010-08-11,2,66,21619,-99170,94,21.8%,tp
351,C50_P10,47,2010-11-20,2010-09-13,680/640/580,3.0,2010-10-12,29,39,2794,-98900,43,2.83%,sdc
352,C50_P10,48,2010-12-18,2010-10-11,720/680/620,2.75,2010-11-05,25,43,7632,-97824,43,7.8%,sdc
353,C50_P10,49,2011-01-22,2010-11-15,745/705/650,3.8,2010-12-06,21,47,1060,-99640,53,1.06%,sdc
354,C50_P10,50,2011-02-19,2010-12-13,795/760/705,1.9,2011-01-18,36,32,6975,-98550,45,7.08%,sdc
355,C50_P10,51,2011-03-19,2011-01-10,820/780/720,3.55,2011-01-25,15,53,10289,-98910,42,10.4%,tp
356,C50_P10,52,2011-04-16,2011-02-07,830/790/730,3.2,2011-03-14,35,33,10104,-99760,43,10.13%,tp
357,C50_P10,53,2011-05-21,2011-03-14,830/780/720,7.15,2011-03-31,17,51,-8119,-99470,58,-8.16%,sdc
358,C50_P10,54,2011-06-18,2011-04-11,860/820/760,2.3,2011-04-18,7,61,10119,-98120,44,10.31%,tp
359,C50_P10,55,2011-07-16,2011-05-09,865/830/770,1.0,2011-06-03,25,43,1140,-98800,38,1.15%,sdc
360,C50_P10,56,2011-08-20,2011-06-13,800/760/710,5.15,2011-06-30,17,51,-14190,-99990,66,-14.19%,sdc
361,C50_P10,57,2011-09-17,2011-07-11,860/815/760,6.5,2011-07-29,18,50,13200,-99000,60,13.33%,tp
362,C50_P10,58,2011-10-22,2011-08-15,750/700/620,1.95,2011-08-18,3,65,-5890,-99045,31,-5.95%,sdc
363,C50_P10,59,2011-11-19,2011-09-12,720/650/570,11.3,2011-09-21,9,59,12649,-97979,46,12.91%,tp
364,C50_P10,60,2011-12-17,2011-10-10,720/660/580,5.85,2011-10-27,17,51,-5509,-98229,38,-5.61%,sdc
365,C50_P10,61,2012-01-21,2011-11-14,770/710/630,5.95,2011-11-25,11,57,1710,-98610,38,1.73%,sdc
366,C50_P10,62,2012-02-18,2011-12-12,770/710/640,9.2,2011-12-19,7,61,11180,-99840,52,11.2%,tp
367,C50_P10,63,2012-03-17,2012-01-09,785/740/670,2.7,2012-02-01,23,45,3509,-99720,36,3.52%,sdc
368,C50_P10,64,2012-04-21,2012-02-13,850/810/740,0.75,2012-03-06,22,46,3679,-98400,32,3.74%,sdc
369,C50_P10,65,2012-05-19,2012-03-12,840/800/740,2.8,2012-04-04,23,45,10320,-98040,43,10.53%,tp
370,C50_P10,66,2012-06-16,2012-04-09,830/790/730,2.3,2012-05-02,23,45,9899,-98120,44,10.09%,tp
371,C50_P10,67,2012-07-21,2012-05-14,810/760/700,7.65,2012-06-01,18,50,10079,-98840,56,10.2%,tp
372,C50_P10,68,2012-08-18,2012-06-11,780/740/680,1.75,2012-07-02,21,47,6187,-97875,45,6.32%,sdc
373,C50_P10,69,2012-09-22,2012-07-16,820/780/725,3.65,2012-07-26,10,58,11659,-98845,53,11.8%,tp
374,C50_P10,70,2012-10-20,2012-08-13,820/785/730,2.0,2012-09-07,25,43,2587,-99000,45,2.61%,sdc
375,C50_P10,71,2012-11-17,2012-09-10,860/820/770,5.8,2012-09-25,15,53,10080,-99540,63,10.13%,tp
376,C50_P10,72,2012-12-22,2012-10-15,845/810/765,4.25,2012-10-31,16,52,10500,-99750,70,10.53%,tp
377,C50_P10,73,2013-01-19,2012-11-12,820/780/730,6.35,2012-11-16,4,64,10369,-99735,61,10.4%,tp
378,C50_P10,74,2013-02-16,2012-12-10,850/810/760,6.45,2013-01-02,23,45,-16350,-98700,60,-16.57%,sdc
379,C50_P10,75,2013-03-16,2013-01-07,895/860/810,3.85,2013-02-01,25,43,-2782,-99905,53,-2.78%,sdc
380,C50_P10,76,2013-04-20,2013-02-11,930/900/855,2.5,2013-03-13,30,38,997,-99750,57,1.0%,sdc
381,C50_P10,77,2013-05-18,2013-03-11,960/925/880,5.5,2013-04-03,23,45,12799,-99200,64,12.9%,tp
382,C50_P10,78,2013-06-22,2013-04-15,930/890/840,5.7,2013-05-03,18,50,-14017,-98910,63,-14.17%,sdc
383,C50_P10,79,2013-07-20,2013-05-13,995/955/900,4.7,2013-06-20,38,30,15000,-98500,50,15.23%,tp
384,C50_P10,80,2013-08-17,2013-06-10,1015/975/915,2.75,2013-07-01,21,47,11610,-97825,43,11.87%,tp
385,C50_P10,81,2013-09-21,2013-07-15,1065/1025/970,4.25,2013-08-06,22,46,10455,-98175,51,10.65%,tp
386,C50_P10,82,2013-10-19,2013-08-12,1080/1040/980,3.6,2013-08-19,7,61,-3780,-99120,42,-3.81%,sdc
387,C50_P10,83,2013-11-16,2013-09-09,1070/1030/960,1.3,2013-10-14,35,33,3719,-97030,31,3.83%,sdc
388,C50_P10,84,2013-12-21,2013-10-14,1110/1070/1010,3.55,2013-11-18,35,33,10185,-98909,42,10.3%,tp
389,C50_P10,85,2014-01-18,2013-11-11,1125/1085/1030,4.75,2013-12-11,30,38,10000,-98750,50,10.13%,tp
390,C50_P10,86,2014-02-22,2013-12-16,1140/1100/1040,2.5,2013-12-26,10,58,4180,-99000,44,4.22%,sdc
391,C50_P10,87,2014-03-22,2014-01-13,1170/1120/1060,8.65,2014-02-03,21,47,9540,-98845,53,9.65%,sdc
392,C50_P10,88,2014-04-19,2014-02-10,1140/1100/1030,0.8,2014-02-24,14,54,1760,-98560,32,1.79%,sdc
393,C50_P10,89,2014-05-17,2014-03-10,1220/1180/1110,0.3,2014-03-27,17,51,-4124,-99989,33,-4.12%,sdc
394,C50_P10,90,2014-06-21,2014-04-14,1140/1090/1020,4.2,2014-05-05,21,47,11275,-99220,41,11.36%,tp
395,C50_P10,91,2014-07-19,2014-05-12,1160/1120/1060,2.5,2014-06-02,21,47,10340,-99000,44,10.44%,tp
396,C50_P10,92,2014-08-16,2014-06-09,1200/1150/1090,8.15,2014-07-08,29,39,19250,-99825,55,19.28%,tp
397,C50_P10,93,2014-09-20,2014-07-14,1190/1150/1080,0.4,2014-07-31,17,51,-2720,-97280,32,-2.8%,sdc
398,C50_P10,94,2014-10-18,2014-08-11,1170/1120/1050,5.45,2014-09-09,29,39,10920,-99255,39,11.0%,tp
399,C50_P10,95,2014-11-22,2014-09-15,1170/1130/1060,0.25,2014-09-30,15,53,-660,-99824,33,-0.66%,sdc
400,C50_P10,96,2014-12-20,2014-10-13,1080/1030/955,3.05,2014-10-23,10,58,525,-98175,35,0.53%,sdc
401,C50_P10,97,2015-01-17,2014-11-10,1200/1160/1090,1.05,2014-12-19,39,29,10080,-99359,32,10.14%,tp
402,C50_P10,98,2015-02-20,2014-12-12,1190/1130/1050,7.6,2014-12-26,14,56,-7739,-99360,36,-7.79%,sdc
403,C50_P10,99,2015-03-20,2015-01-09,1220/1170/1090,2.8,2015-02-10,32,38,10200,-98399,30,10.37%,tp
404,C50_P10,100,2015-04-17,2015-02-06,1230/1180/1100,2.2,2015-03-04,26,44,10075,-99820,31,10.09%,tp
405,C50_P10,101,2015-05-15,2015-03-06,1240/1190/1120,5.05,2015-03-20,14,56,-5264,-97695,39,-5.39%,sdc
406,C50_P10,102,2015-06-19,2015-04-10,1290/1240/1180,7.3,2015-04-17,7,63,9975,-98610,57,10.12%,tp
407,C50_P10,103,2015-07-17,2015-05-08,1260/1210/1150,7.4,2015-06-16,39,31,-4987,-99179,57,-5.03%,sdc
408,C50_P10,104,2015-08-21,2015-06-12,1290/1240/1180,7.0,2015-07-02,20,50,11020,-98600,58,11.18%,tp
409,C50_P10,105,2015-09-18,2015-07-10,1280/1230/1150,2.85,2015-07-21,11,59,10200,-98549,30,10.35%,tp
410,C50_P10,106,2015-10-16,2015-08-07,1230/1180/1120,6.7,2015-08-20,13,57,11800,-98530,59,11.98%,tp
411,C50_P10,107,2015-11-20,2015-09-11,1190/1130/1050,6.5,2015-09-23,12,58,11284,-98050,37,11.51%,tp
412,C50_P10,108,2015-12-19,2015-10-12,1190/1140/1070,5.35,2015-10-27,15,53,10530,-98865,39,10.65%,tp
413,C50_P10,109,2016-01-15,2015-11-06,1230/1180/1110,5.6,2015-11-13,7,63,-1949,-99840,39,-1.95%,sdc
414,C50_P10,110,2016-02-19,2015-12-11,1150/1100/1020,2.4,2016-01-04,24,46,10500,-97200,30,10.8%,tp
415,C50_P10,111,2016-03-18,2016-01-08,1085/1030/950,4.65,2016-01-19,11,59,1154,-97845,33,1.18%,sdc
416,C50_P10,112,2016-04-15,2016-02-05,1020/970/890,1.45,2016-03-01,25,45,7052,-97495,31,7.23%,sdc
417,C50_P10,113,2016-05-20,2016-03-11,1120/1070/1000,5.2,2016-03-23,12,58,10725,-98280,39,10.91%,tp
418,C50_P10,114,2016-06-17,2016-04-08,1120/1070/1010,7.1,2016-04-22,14,56,-11890,-99179,58,-11.99%,sdc
419,C50_P10,115,2016-07-15,2016-05-06,1140/1090/1020,5.55,2016-06-01,26,44,-2242,-99645,39,-2.25%,sdc
420,C50_P10,116,2016-08-19,2016-06-10,1190/1140/1070,5.0,2016-06-27,17,53,0,-99999,40,0.0%,sdc
421,C50_P10,117,2016-09-16,2016-07-08,1200/1160/1090,0.7,2016-08-05,28,42,4720,-98240,32,4.8%,sdc
422,C50_P10,118,2016-10-21,2016-08-12,1260/1210/1150,8.2,2016-09-13,32,38,13229,-98279,54,13.46%,tp
423,C50_P10,119,2016-11-18,2016-09-09,1260/1200/1130,10.0,2016-10-11,32,38,15435,-98000,49,15.75%,tp
424,C50_P10,120,2016-12-16,2016-10-07,1270/1220/1140,3.3,2016-10-24,17,53,10950,-99900,30,10.96%,tp
425,C50_P10,121,2017-01-20,2016-11-11,1310/1260/1180,3.35,2016-11-25,14,56,-1594,-96715,29,-1.65%,sdc
426,C50_P10,122,2017-02-17,2016-12-09,1420/1370/1290,3.2,2017-01-04,26,44,11399,-99600,30,11.44%,tp
427,C50_P10,123,2017-03-17,2017-01-06,1400/1350/1270,3.85,2017-01-24,18,52,10439,-98165,29,10.63%,tp
428,C50_P10,124,2017-04-21,2017-02-10,1420/1370/1290,3.8,2017-03-03,21,49,11020,-98020,29,11.24%,tp
429,C50_P10,125,2017-05-19,2017-03-10,1400/1340/1270,11.65,2017-03-22,12,58,11270,-99590,46,11.32%,tp
430,C50_P10,126,2017-06-16,2017-04-07,1400/1340/1270,11.45,2017-04-25,18,52,-14260,-98669,46,-14.45%,sdc
431,C50_P10,127,2017-07-21,2017-05-12,1410/1360/1300,8.55,2017-05-30,18,52,12720,-98315,53,12.94%,tp
432,C50_P10,128,2017-08-18,2017-06-09,1450/1400/1330,6.4,2017-06-16,7,63,9804,-97680,37,10.04%,tp
433,C50_P10,129,2017-09-15,2017-07-07,1440/1400/1330,1.75,2017-08-01,25,45,10230,-98425,31,10.39%,tp
434,C50_P10,130,2017-10-20,2017-08-11,1410/1350/1270,8.8,2017-09-11,31,39,-2549,-97920,34,-2.6%,sdc
435,C50_P10,131,2017-11-17,2017-09-08,1430/1380/1310,5.95,2017-09-22,14,56,-6270,-98610,38,-6.36%,sdc
436,C50_P10,132,2017-12-15,2017-10-06,1540/1490/1430,8.35,2017-10-16,10,60,13500,-99090,54,13.62%,tp
437,C50_P10,133,2018-01-19,2017-11-10,1510/1460/1390,7.2,2017-11-28,18,52,-11159,-97920,36,-11.4%,sdc
438,C50_P10,134,2018-02-16,2017-12-08,1550/1500/1430,6.5,2018-01-08,31,39,-647,-98050,37,-0.66%,sdc
439,C50_P10,135,2018-03-16,2018-01-05,1590/1540/1480,9.55,2018-02-08,34,36,-14280,-99705,51,-14.32%,sdc
440,C50_P10,136,2018-04-20,2018-02-09,1530/1450/1340,10.2,2018-02-23,14,56,-2879,-96480,24,-2.98%,sdc
441,C50_P10,137,2018-05-18,2018-03-09,1630/1580/1500,3.35,2018-03-23,14,56,-17690,-96715,29,-18.29%,sdc
442,C50_P10,138,2018-06-15,2018-04-06,1555/1495/1400,4.85,2018-04-17,11,59,-875,-99625,25,-0.88%,sdc
443,C50_P10,139,2018-07-20,2018-05-11,1640/1590/1520,7.4,2018-06-05,25,45,-11159,-98640,36,-11.31%,sdc
444,C50_P10,140,2018-08-17,2018-06-08,1700/1660/1590,1.6,2018-07-18,40,30,10230,-97960,31,10.44%,tp
445,C50_P10,141,2018-09-21,2018-07-13,1725/1670/1595,7.1,2018-07-27,14,56,10439,-97560,36,10.7%,tp
446,C50_P10,142,2018-10-19,2018-08-10,1725/1675/1600,5.9,2018-09-17,38,32,11679,-98880,32,11.81%,tp
447,C50_P10,143,2018-11-16,2018-09-07,1750/1695/1610,5.3,2018-09-19,12,58,10779,-98840,28,10.91%,tp
448,C50_P10,144,2018-12-21,2018-10-12,1590/1525/1430,5.25,2018-10-29,17,53,-14420,-98700,28,-14.61%,sdc
449,C50_P10,145,2019-01-18,2018-11-09,1600/1530/1440,9.35,2018-11-20,11,59,509,-99790,34,0.51%,sdc
450,C50_P10,146,2019-02-15,2018-12-07,1500/1425/1320,7.25,2018-12-19,12,58,-6110,-96850,26,-6.31%,sdc
451,C50_P10,147,2019-03-15,2019-01-04,1430/1360/1260,6.2,2019-01-17,13,57,-810,-97739,27,-0.83%,sdc
452,C50_P10,148,2019-05-17,2019-03-08,1560/1500/1410,5.05,2019-04-05,28,42,2169,-98140,28,2.21%,sdc
453,C50_P10,149,2019-06-21,2019-04-12,1625/1570/1490,5.95,2019-05-13,31,39,-4159,-99040,32,-4.2%,sdc
454,C50_P10,150,2019-07-19,2019-05-10,1620/1555/1465,7.85,2019-05-22,12,58,11550,-98550,30,11.72%,tp
455,C50_P10,151,2019-08-16,2019-06-07,1555/1495/1415,6.35,2019-07-03,26,44,-1665,-97495,37,-1.71%,sdc
456,C50_P10,152,2019-09-20,2019-07-12,1605/1555/1480,4.5,2019-08-06,25,45,-3630,-97350,33,-3.73%,stop
457,C50_P50,1,2007-01-20,2006-11-13,800/770/730,3.6,2006-12-27,44,24,13505,-99280,73,13.6%,sdc
458,C50_P50,2,2007-02-17,2006-12-11,820/790/740,0.9,2007-02-02,53,15,34427,-98230,47,35.05%,sdc
459,C50_P50,3,2007-03-17,2007-01-08,810/770/720,6.45,2007-02-01,24,44,0,-98700,60,0.0%,sdc
460,C50_P50,4,2007-04-21,2007-02-12,830/800/760,3.45,2007-03-05,21,47,-9990,-99530,74,-10.04%,sdc
461,C50_P50,5,2007-05-19,2007-03-12,820/780/730,6.7,2007-04-13,32,36,-5899,-98530,59,-5.99%,sdc
462,C50_P50,6,2007-06-16,2007-04-09,840/810/760,1.25,2007-05-22,43,25,12690,-99875,47,12.71%,sdc
463,C50_P50,7,2007-07-21,2007-05-14,850/810/760,6.1,2007-06-04,21,47,-8059,-99820,62,-8.07%,sdc
464,C50_P50,8,2007-08-18,2007-06-11,860/830/780,0.75,2007-07-24,43,25,5519,-99600,48,5.54%,sdc
465,C50_P50,9,2007-09-22,2007-07-16,880/840/780,3.65,2007-07-26,10,58,-15119,-99330,42,-15.22%,sdc
466,C50_P50,10,2007-10-20,2007-08-13,820/770/700,4.8,2007-09-26,44,24,24200,-99200,40,24.4%,sdc
467,C50_P50,11,2007-11-17,2007-09-10,820/760/690,8.85,2007-10-01,21,47,-2649,-99905,53,-2.65%,sdc
468,C50_P50,12,2007-12-22,2007-10-15,860/820/750,0.75,2007-11-07,23,45,-7680,-98400,32,-7.8%,sdc
469,C50_P50,13,2008-01-19,2007-11-12,810/760/690,4.5,2008-01-02,51,17,54100,-98000,40,55.2%,tp
470,C50_P50,14,2008-02-16,2007-12-10,830/780/720,7.6,2008-01-02,23,45,15400,-98560,56,15.62%,sdc
471,C50_P50,15,2008-03-22,2008-01-14,750/700/640,7.8,2008-02-28,45,23,52359,-99680,56,52.53%,tp
472,C50_P50,16,2008-04-19,2008-02-11,740/690/620,5.05,2008-03-07,25,43,10529,-97694,39,10.78%,sdc
473,C50_P50,17,2008-05-17,2008-03-10,680/630/570,7.65,2008-03-24,14,54,-11759,-98840,56,-11.9%,sdc
474,C50_P50,18,2008-06-21,2008-04-14,720/670/620,10.3,2008-04-28,14,54,-22067,-99909,97,-22.09%,sdc
475,C50_P50,19,2008-07-19,2008-05-12,760/720/670,5.7,2008-06-26,45,23,31815,-98910,63,32.17%,sdc
476,C50_P50,20,2008-08-16,2008-06-09,770/720/660,8.45,2008-06-30,21,47,21060,-99630,54,21.14%,sdc
477,C50_P50,21,2008-09-20,2008-07-14,700/650/600,10.0,2008-07-22,8,60,-31500,-100000,100,-31.5%,sdc
478,C50_P50,22,2008-10-18,2008-08-11,780/740/680,3.5,2008-09-09,29,39,-4410,-98700,42,-4.47%,sdc
479,C50_P50,23,2008-11-22,2008-09-15,730/680/620,7.3,2008-10-03,18,50,-11684,-98610,57,-11.85%,sdc
480,C50_P50,24,2008-12-20,2008-10-13,610/550/460,3.15,2008-10-22,9,59,-7650,-99450,30,-7.69%,sdc
481,C50_P50,25,2009-01-17,2008-11-10,540/480/400,6.95,2008-11-19,9,59,-14985,-99715,37,-15.03%,sdc
482,C50_P50,26,2009-02-21,2008-12-15,500/440/370,8.45,2009-01-02,18,50,7290,-99630,54,7.32%,sdc
483,C50_P50,27,2009-03-21,2009-01-12,500/450/390,6.8,2009-02-18,37,31,41004,-99120,59,41.37%,sdc
484,C50_P50,28,2009-04-18,2009-02-09,500/450/400,10.15,2009-02-19,10,58,26950,-99470,98,27.09%,sdc
485,C50_P50,29,2009-05-16,2009-03-09,370/330/290,7.55,2009-03-12,3,65,-29700,-99660,132,-29.8%,sdc
486,C50_P50,30,2009-06-20,2009-04-13,500/460/400,1.45,2009-06-01,49,19,11959,-98670,46,12.12%,sdc
487,C50_P50,31,2009-07-18,2009-05-11,530/490/440,4.7,2009-06-23,43,25,55079,-99960,68,55.1%,tp
488,C50_P50,32,2009-08-22,2009-06-15,540/500/440,3.65,2009-07-08,23,45,8610,-99330,42,8.67%,sdc
489,C50_P50,33,2009-09-19,2009-07-13,510/480/430,0.7,2009-07-23,10,58,3599,-99360,48,3.62%,sdc
490,C50_P50,34,2009-10-17,2009-08-10,600/560/510,6.4,2009-09-15,36,32,600,-98400,60,0.61%,sdc
491,C50_P50,35,2009-11-21,2009-09-14,620/590/540,0.25,2009-10-28,44,24,6859,-99225,49,6.91%,sdc
492,C50_P50,36,2009-12-19,2009-10-12,640/600/550,6.05,2009-10-28,16,52,-309,-99510,62,-0.31%,sdc
493,C50_P50,37,2010-01-16,2009-11-09,610/580/530,0.25,2009-12-21,42,26,15067,-99225,49,15.18%,sdc
494,C50_P50,38,2010-02-20,2009-12-14,630/590/550,7.8,2010-01-06,23,45,-19519,-99839,128,-19.55%,sdc
495,C50_P50,39,2010-03-20,2010-01-11,670/630/590,9.1,2010-01-28,17,51,38694,-99189,109,39.01%,sdc
496,C50_P50,40,2010-04-17,2010-02-08,610/580/530,1.0,2010-02-19,11,57,3054,-98699,47,3.09%,sdc
497,C50_P50,41,2010-05-22,2010-03-15,690/660/620,3.15,2010-04-12,28,40,-950,-99940,76,-0.95%,sdc
498,C50_P50,42,2010-06-19,2010-04-12,720/690/650,3.25,2010-05-07,25,43,-22125,-99375,75,-22.26%,sdc
499,C50_P50,43,2010-07-17,2010-05-10,710/670/600,0.9,2010-05-25,15,53,-5599,-98880,32,-5.66%,sdc
500,C50_P50,44,2010-08-21,2010-06-14,680/640/570,-0.25,2010-06-30,16,52,-3300,-98174,33,-3.36%,sdc
501,C50_P50,45,2010-09-18,2010-07-12,650/610/550,2.7,2010-09-03,53,15,30250,-99879,44,30.29%,sdc
502,C50_P50,46,2010-10-16,2010-08-09,690/640/590,10.55,2010-08-13,4,64,27260,-99170,94,27.49%,sdc
503,C50_P50,47,2010-11-20,2010-09-13,680/640/580,3.0,2010-10-12,29,39,2794,-98900,43,2.83%,sdc
504,C50_P50,48,2010-12-18,2010-10-11,720/680/620,2.75,2010-11-05,25,43,7632,-97824,43,7.8%,sdc
505,C50_P50,49,2011-01-22,2010-11-15,745/705/650,3.8,2010-12-06,21,47,1060,-99640,53,1.06%,sdc
506,C50_P50,50,2011-02-19,2010-12-13,795/760/705,1.9,2011-01-18,36,32,6975,-98550,45,7.08%,sdc
507,C50_P50,51,2011-03-19,2011-01-10,820/780/720,3.55,2011-02-16,37,31,5250,-98910,42,5.31%,sdc
508,C50_P50,52,2011-04-16,2011-02-07,830/790/730,3.2,2011-03-29,50,18,14619,-99760,43,14.65%,sdc
509,C50_P50,53,2011-05-21,2011-03-14,830/780/720,7.15,2011-03-31,17,51,-8119,-99470,58,-8.16%,sdc
510,C50_P50,54,2011-06-18,2011-04-11,860/820/760,2.3,2011-06-02,52,16,50710,-98120,44,51.68%,tp
511,C50_P50,55,2011-07-16,2011-05-09,865/830/770,1.0,2011-06-03,25,43,1140,-98800,38,1.15%,sdc
512,C50_P50,56,2011-08-20,2011-06-13,800/760/710,5.15,2011-06-30,17,51,-14190,-99990,66,-14.19%,sdc
513,C50_P50,57,2011-09-17,2011-07-11,860/815/760,6.5,2011-08-01,21,47,20100,-99000,60,20.3%,sdc
514,C50_P50,58,2011-10-22,2011-08-15,750/700/620,1.95,2011-08-18,3,65,-5890,-99045,31,-5.95%,sdc
515,C50_P50,59,2011-11-19,2011-09-12,720/650/570,11.3,2011-10-24,42,26,-8395,-97979,46,-8.57%,sdc
516,C50_P50,60,2011-12-17,2011-10-10,720/660/580,5.85,2011-10-27,17,51,-5509,-98229,38,-5.61%,sdc
517,C50_P50,61,2012-01-21,2011-11-14,770/710/630,5.95,2011-11-25,11,57,1710,-98610,38,1.73%,sdc
518,C50_P50,62,2012-02-18,2011-12-12,770/710/640,9.2,2012-01-12,31,37,4290,-99840,52,4.3%,sdc
519,C50_P50,63,2012-03-17,2012-01-09,785/740/670,2.7,2012-02-01,23,45,3509,-99720,36,3.52%,sdc
520,C50_P50,64,2012-04-21,2012-02-13,850/810/740,0.75,2012-03-06,22,46,3679,-98400,32,3.74%,sdc
521,C50_P50,65,2012-05-19,2012-03-12,840/800/740,2.8,2012-05-04,53,15,52460,-98040,43,53.51%,tp
522,C50_P50,66,2012-06-16,2012-04-09,830/790/730,2.3,2012-05-17,38,30,7260,-98120,44,7.4%,sdc
523,C50_P50,67,2012-07-21,2012-05-14,810/760/700,7.65,2012-06-04,21,47,15119,-98840,56,15.3%,sdc
524,C50_P50,68,2012-08-18,2012-06-11,780/740/680,1.75,2012-07-02,21,47,6187,-97875,45,6.32%,sdc
525,C50_P50,69,2012-09-22,2012-07-16,820/780/725,3.65,2012-08-29,44,24,18152,-98845,53,18.36%,sdc
526,C50_P50,70,2012-10-20,2012-08-13,820/785/730,2.0,2012-09-07,25,43,2587,-99000,45,2.61%,sdc
527,C50_P50,71,2012-11-17,2012-09-10,860/820/770,5.8,2012-10-22,42,26,55440,-99540,63,55.7%,tp
528,C50_P50,72,2012-12-22,2012-10-15,845/810/765,4.25,2012-11-12,28,40,18900,-99750,70,18.95%,sdc
529,C50_P50,73,2013-01-19,2012-11-12,820/780/730,6.35,2012-12-11,29,39,-8997,-99735,61,-9.02%,sdc
530,C50_P50,74,2013-02-16,2012-12-10,850/810/760,6.45,2013-01-02,23,45,-16350,-98700,60,-16.57%,sdc
531,C50_P50,75,2013-03-16,2013-01-07,895/860/810,3.85,2013-02-01,25,43,-2782,-99905,53,-2.78%,sdc
532,C50_P50,76,2013-04-20,2013-02-11,930/900/855,2.5,2013-03-13,30,38,997,-99750,57,1.0%,sdc
533,C50_P50,77,2013-05-18,2013-03-11,960/925/880,5.5,2013-04-15,35,33,11519,-99200,64,11.61%,sdc
534,C50_P50,78,2013-06-22,2013-04-15,930/890/840,5.7,2013-05-03,18,50,-14017,-98910,63,-14.17%,sdc
535,C50_P50,79,2013-07-20,2013-05-13,995/955/900,4.7,2013-07-03,51,17,13125,-98500,50,13.32%,sdc
536,C50_P50,80,2013-08-17,2013-06-10,1015/975/915,2.75,2013-07-11,31,37,5159,-97825,43,5.27%,sdc
537,C50_P50,81,2013-09-21,2013-07-15,1065/1025/970,4.25,2013-08-27,43,25,31620,-98175,51,32.21%,sdc
538,C50_P50,82,2013-10-19,2013-08-12,1080/1040/980,3.6,2013-08-19,7,61,-3780,-99120,42,-3.81%,sdc
539,C50_P50,83,2013-11-16,2013-09-09,1070/1030/960,1.3,2013-10-14,35,33,3719,-97030,31,3.83%,sdc
540,C50_P50,84,2013-12-21,2013-10-14,1110/1070/1010,3.55,2013-11-21,38,30,6719,-98909,42,6.79%,sdc
541,C50_P50,85,2014-01-18,2013-11-11,1125/1085/1030,4.75,2013-12-20,39,29,-5000,-98750,50,-5.06%,sdc
542,C50_P50,86,2014-02-22,2013-12-16,1140/1100/1040,2.5,2013-12-26,10,58,4180,-99000,44,4.22%,sdc
543,C50_P50,87,2014-03-22,2014-01-13,1170/1120/1060,8.65,2014-02-03,21,47,9540,-98845,53,9.65%,sdc
544,C50_P50,88,2014-04-19,2014-02-10,1140/1100/1030,0.8,2014-02-24,14,54,1760,-98560,32,1.79%,sdc
545,C50_P50,89,2014-05-17,2014-03-10,1220/1180/1110,0.3,2014-03-27,17,51,-4124,-99989,33,-4.12%,sdc
546,C50_P50,90,2014-06-21,2014-04-14,1140/1090/1020,4.2,2014-05-27,43,25,18962,-99220,41,19.11%,sdc
547,C50_P50,91,2014-07-19,2014-05-12,1160/1120/1060,2.5,2014-06-17,36,32,6490,-99000,44,6.56%,sdc
548,C50_P50,92,2014-08-16,2014-06-09,1200/1150/1090,8.15,2014-07-17,38,30,35749,-99825,55,35.81%,sdc
549,C50_P50,93,2014-09-20,2014-07-14,1190/1150/1080,0.4,2014-07-31,17,51,-2720,-97280,32,-2.8%,sdc
550,C50_P50,94,2014-10-18,2014-08-11,1170/1120/1050,5.45,2014-09-26,46,22,51285,-99255,39,51.67%,tp
551,C50_P50,95,2014-11-22,2014-09-15,1170/1130/1060,0.25,2014-09-30,15,53,-660,-99824,33,-0.66%,sdc
552,C50_P50,96,2014-12-20,2014-10-13,1080/1030/955,3.05,2014-10-23,10,58,525,-98175,35,0.53%,sdc
553,C50_P50,97,2015-01-17,2014-11-10,1200/1160/1090,1.05,2014-12-24,44,24,10080,-99359,32,10.14%,sdc
554,C50_P50,98,2015-02-20,2014-12-12,1190/1130/1050,7.6,2014-12-26,14,56,-7739,-99360,36,-7.79%,sdc
555,C50_P50,99,2015-03-20,2015-01-09,1220/1170/1090,2.8,2015-02-19,41,29,10800,-98399,30,10.98%,sdc
556,C50_P50,100,2015-04-17,2015-02-06,1230/1180/1100,2.2,2015-03-17,39,31,11625,-99820,31,11.65%,sdc
557,C50_P50,101,2015-05-15,2015-03-06,1240/1190/1120,5.05,2015-03-20,14,56,-5264,-97695,39,-5.39%,sdc
558,C50_P50,102,2015-06-19,2015-04-10,1290/1240/1180,7.3,2015-05-05,25,45,29070,-98610,57,29.48%,sdc
559,C50_P50,103,2015-07-17,2015-05-08,1260/1210/1150,7.4,2015-06-16,39,31,-4987,-99179,57,-5.03%,sdc
560,C50_P50,104,2015-08-21,2015-06-12,1290/1240/1180,7.0,2015-07-23,41,29,55679,-98600,58,56.47%,tp
561,C50_P50,105,2015-09-18,2015-07-10,1280/1230/1150,2.85,2015-08-07,28,42,18900,-98549,30,19.18%,sdc
562,C50_P50,106,2015-10-16,2015-08-07,1230/1180/1120,6.7,2015-08-24,17,53,-1179,-98530,59,-1.2%,sdc
563,C50_P50,107,2015-11-20,2015-09-11,1190/1130/1050,6.5,2015-09-28,17,53,13135,-98050,37,13.4%,sdc
564,C50_P50,108,2015-12-19,2015-10-12,1190/1140/1070,5.35,2015-11-24,43,25,11212,-98865,39,11.34%,sdc
565,C50_P50,109,2016-01-15,2015-11-06,1230/1180/1110,5.6,2015-11-13,7,63,-1949,-99840,39,-1.95%,sdc
566,C50_P50,110,2016-02-19,2015-12-11,1150/1100/1020,2.4,2016-01-07,27,43,-150,-97200,30,-0.15%,sdc
567,C50_P50,111,2016-03-18,2016-01-08,1085/1030/950,4.65,2016-01-19,11,59,1154,-97845,33,1.18%,sdc
568,C50_P50,112,2016-04-15,2016-02-05,1020/970/890,1.45,2016-03-01,25,45,7052,-97495,31,7.23%,sdc
569,C50_P50,113,2016-05-20,2016-03-11,1120/1070/1000,5.2,2016-04-13,33,37,5070,-98280,39,5.16%,sdc
570,C50_P50,114,2016-06-17,2016-04-08,1120/1070/1010,7.1,2016-04-22,14,56,-11890,-99179,58,-11.99%,sdc
571,C50_P50,115,2016-07-15,2016-05-06,1140/1090/1020,5.55,2016-06-01,26,44,-2242,-99645,39,-2.25%,sdc
572,C50_P50,116,2016-08-19,2016-06-10,1190/1140/1070,5.0,2016-06-27,17,53,0,-99999,40,0.0%,sdc
573,C50_P50,117,2016-09-16,2016-07-08,1200/1160/1090,0.7,2016-08-05,28,42,4720,-98240,32,4.8%,sdc
574,C50_P50,118,2016-10-21,2016-08-12,1260/1210/1150,8.2,2016-09-22,41,29,-6750,-98279,54,-6.87%,sdc
575,C50_P50,119,2016-11-18,2016-09-09,1260/1200/1130,10.0,2016-10-25,46,24,52920,-98000,49,54.0%,tp
576,C50_P50,120,2016-12-16,2016-10-07,1270/1220/1140,3.3,2016-10-27,20,50,3750,-99900,30,3.75%,sdc
577,C50_P50,121,2017-01-20,2016-11-11,1310/1260/1180,3.35,2016-11-25,14,56,-1594,-96715,29,-1.65%,sdc
578,C50_P50,122,2017-02-17,2016-12-09,1420/1370/1290,3.2,2017-01-19,41,29,21450,-99600,30,21.54%,sdc
579,C50_P50,123,2017-03-17,2017-01-06,1400/1350/1270,3.85,2017-02-21,46,24,9207,-98165,29,9.38%,sdc
580,C50_P50,124,2017-04-21,2017-02-10,1420/1370/1290,3.8,2017-03-21,39,31,19720,-98020,29,20.12%,sdc
581,C50_P50,125,2017-05-19,2017-03-10,1400/1340/1270,11.65,2017-04-24,45,25,-5404,-99590,46,-5.43%,sdc
582,C50_P50,126,2017-06-16,2017-04-07,1400/1340/1270,11.45,2017-04-25,18,52,-14260,-98669,46,-14.45%,sdc
583,C50_P50,127,2017-07-21,2017-05-12,1410/1360/1300,8.55,2017-06-13,32,38,-13117,-98315,53,-13.34%,sdc
584,C50_P50,128,2017-08-18,2017-06-09,1450/1400/1330,6.4,2017-07-25,46,24,5827,-97680,37,5.97%,sdc
585,C50_P50,129,2017-09-15,2017-07-07,1440/1400/1330,1.75,2017-08-10,34,36,1550,-98425,31,1.57%,sdc
586,C50_P50,130,2017-10-20,2017-08-11,1410/1350/1270,8.8,2017-09-11,31,39,-2549,-97920,34,-2.6%,sdc
587,C50_P50,131,2017-11-17,2017-09-08,1430/1380/1310,5.95,2017-09-22,14,56,-6270,-98610,38,-6.36%,sdc
588,C50_P50,132,2017-12-15,2017-10-06,1540/1490/1430,8.35,2017-11-14,39,31,31320,-99090,54,31.61%,sdc
589,C50_P50,133,2018-01-19,2017-11-10,1510/1460/1390,7.2,2017-11-28,18,52,-11159,-97920,36,-11.4%,sdc
590,C50_P50,134,2018-02-16,2017-12-08,1550/1500/1430,6.5,2018-01-08,31,39,-647,-98050,37,-0.66%,sdc
591,C50_P50,135,2018-03-16,2018-01-05,1590/1540/1480,9.55,2018-02-08,34,36,-14280,-99705,51,-14.32%,sdc
592,C50_P50,136,2018-04-20,2018-02-09,1530/1450/1340,10.2,2018-02-23,14,56,-2879,-96480,24,-2.98%,sdc
593,C50_P50,137,2018-05-18,2018-03-09,1630/1580/1500,3.35,2018-03-23,14,56,-17690,-96715,29,-18.29%,sdc
594,C50_P50,138,2018-06-15,2018-04-06,1555/1495/1400,4.85,2018-04-17,11,59,-875,-99625,25,-0.88%,sdc
595,C50_P50,139,2018-07-20,2018-05-11,1640/1590/1520,7.4,2018-06-05,25,45,-11159,-98640,36,-11.31%,sdc
596,C50_P50,140,2018-08-17,2018-06-08,1700/1660/1590,1.6,2018-08-06,59,11,29450,-97960,31,30.06%,dte
597,C50_P50,141,2018-09-21,2018-07-13,1725/1670/1595,7.1,2018-08-24,42,28,4319,-97560,36,4.43%,sdc
598,C50_P50,142,2018-10-19,2018-08-10,1725/1675/1600,5.9,2018-10-02,53,17,34560,-98880,32,34.95%,sdc
599,C50_P50,143,2018-11-16,2018-09-07,1750/1695/1610,5.3,2018-10-02,25,45,9379,-98840,28,9.49%,sdc
600,C50_P50,144,2018-12-21,2018-10-12,1590/1525/1430,5.25,2018-10-29,17,53,-14420,-98700,28,-14.61%,sdc
601,C50_P50,145,2019-01-18,2018-11-09,1600/1530/1440,9.35,2018-11-20,11,59,509,-99790,34,0.51%,sdc
602,C50_P50,146,2019-02-15,2018-12-07,1500/1425/1320,7.25,2018-12-19,12,58,-6110,-96850,26,-6.31%,sdc
603,C50_P50,147,2019-03-15,2019-01-04,1430/1360/1260,6.2,2019-01-17,13,57,-810,-97739,27,-0.83%,sdc
604,C50_P50,148,2019-05-17,2019-03-08,1560/1500/1410,5.05,2019-04-05,28,42,2169,-98140,28,2.21%,sdc
605,C50_P50,149,2019-06-21,2019-04-12,1625/1570/1490,5.95,2019-05-13,31,39,-4159,-99040,32,-4.2%,sdc
606,C50_P50,150,2019-07-19,2019-05-10,1620/1555/1465,7.85,2019-05-23,13,57,1200,-98550,30,1.22%,sdc
607,C50_P50,151,2019-08-16,2019-06-07,1555/1495/1415,6.35,2019-07-03,26,44,-1665,-97495,37,-1.71%,sdc
608,C50_P50,152,2019-09-20,2019-07-12,1605/1555/1480,4.5,2019-08-06,25,45,-3630,-97350,33,-3.73%,stop
609,C100_P10,1,2007-01-20,2006-11-13,800/770/730,3.6,2006-12-15,32,36,11497,-99280,73,11.58%,tp
610,C100_P10,2,2007-02-17,2006-12-11,820/790/740,0.9,2007-01-04,24,44,13160,-98230,47,13.4%,tp
611,C100_P10,3,2007-03-17,2007-01-08,810/770/720,6.45,2007-01-22,14,54,12299,-98700,60,12.46%,tp
612,C100_P10,4,2007-04-21,2007-02-12,830/800/760,3.45,2007-03-09,25,43,9989,-99530,74,10.04%,tp
613,C100_P10,5,2007-05-19,2007-03-12,820/780/730,6.7,2007-05-07,56,12,-20945,-98530,59,-21.26%,dte
614,C100_P10,6,2007-06-16,2007-04-09,840/810/760,1.25,2007-05-11,32,36,10692,-99875,47,10.71%,tp
615,C100_P10,7,2007-07-21,2007-05-14,850/810/760,6.1,2007-06-11,28,40,12090,-99820,62,12.11%,tp
616,C100_P10,8,2007-08-18,2007-06-11,860/830/780,0.75,2007-07-16,35,33,10799,-99600,48,10.84%,tp
617,C100_P10,9,2007-09-22,2007-07-16,880/840/780,3.65,2007-08-03,18,50,-37169,-99330,42,-37.42%,sdc
618,C100_P10,10,2007-10-20,2007-08-13,820/770/700,4.8,2007-09-13,31,37,10000,-99200,40,10.08%,tp
619,C100_P10,11,2007-11-17,2007-09-10,820/760/690,8.85,2007-10-19,39,29,20802,-99905,53,20.82%,tp
620,C100_P10,12,2007-12-22,2007-10-15,860/820/750,0.75,2007-11-19,35,33,-30080,-98400,32,-30.57%,sdc
621,C100_P10,13,2008-01-19,2007-11-12,810/760/690,4.5,2007-11-30,18,50,9800,-98000,40,10.0%,tp
622,C100_P10,14,2008-02-16,2007-12-10,830/780/720,7.6,2007-12-21,11,57,13440,-98560,56,13.64%,tp
623,C100_P10,15,2008-03-22,2008-01-14,750/700/640,7.8,2008-01-22,8,60,11759,-99680,56,11.8%,tp
624,C100_P10,16,2008-04-19,2008-02-11,740/690/620,5.05,2008-02-25,14,54,10139,-97694,39,10.38%,tp
625,C100_P10,17,2008-05-17,2008-03-10,680/630/570,7.65,2008-05-05,56,12,-37380,-98840,56,-37.82%,dte
626,C100_P10,18,2008-06-21,2008-04-14,720/670/620,10.3,2008-06-09,56,12,-50197,-99909,97,-50.24%,dte
627,C100_P10,19,2008-07-19,2008-05-12,760/720/670,5.7,2008-06-10,29,39,12914,-98910,63,13.06%,tp
628,C100_P10,20,2008-08-16,2008-06-09,770/720/660,8.45,2008-06-20,11,57,11609,-99630,54,11.65%,tp
629,C100_P10,21,2008-09-20,2008-07-14,700/650/600,10.0,2008-09-08,56,12,-69500,-100000,100,-69.5%,dte
630,C100_P10,22,2008-10-18,2008-08-11,780/740/680,3.5,2008-09-29,49,19,-44940,-98700,42,-45.53%,sdc
631,C100_P10,23,2008-11-22,2008-09-15,730/680/620,7.3,2008-10-07,22,46,-44175,-98610,57,-44.8%,sdc
632,C100_P10,24,2008-12-20,2008-10-13,610/550/460,3.15,2008-10-31,18,50,10050,-99450,30,10.11%,tp
633,C100_P10,25,2009-01-17,2008-11-10,540/480/400,6.95,2008-12-10,30,38,13874,-99715,37,13.91%,tp
634,C100_P10,26,2009-02-21,2008-12-15,500/440/370,8.45,2008-12-22,7,61,15930,-99630,54,15.99%,tp
635,C100_P10,27,2009-03-21,2009-01-12,500/450/390,6.8,2009-01-23,11,57,10619,-99120,59,10.71%,tp
636,C100_P10,28,2009-04-18,2009-02-09,500/450/400,10.15,2009-02-11,2,66,11760,-99470,98,11.82%,tp
637,C100_P10,29,2009-05-16,2009-03-09,370/330/290,7.55,2009-05-04,56,12,-100650,-99660,132,-100.99%,dte
638,C100_P10,30,2009-06-20,2009-04-13,500/460/400,1.45,2009-04-29,16,52,10349,-98670,46,10.49%,tp
639,C100_P10,31,2009-07-18,2009-05-11,530/490/440,4.7,2009-05-26,15,53,11560,-99960,68,11.56%,tp
640,C100_P10,32,2009-08-22,2009-06-15,540/500/440,3.65,2009-06-26,11,57,11970,-99330,42,12.05%,tp
641,C100_P10,33,2009-09-19,2009-07-13,510/480/430,0.7,2009-09-08,57,11,-3000,-99360,48,-3.02%,dte
642,C100_P10,34,2009-10-17,2009-08-10,600/560/510,6.4,2009-08-31,21,47,10200,-98400,60,10.37%,tp
643,C100_P10,35,2009-11-21,2009-09-14,620/590/540,0.25,2009-10-09,25,43,10290,-99225,49,10.37%,tp
644,C100_P10,36,2009-12-19,2009-10-12,640/600/550,6.05,2009-10-23,11,57,10539,-99510,62,10.59%,tp
645,C100_P10,37,2010-01-16,2009-11-09,610/580/530,0.25,2009-12-01,22,46,10290,-99225,49,10.37%,tp
646,C100_P10,38,2010-02-20,2009-12-14,630/590/550,7.8,2010-01-22,39,29,27520,-99839,128,27.56%,tp
647,C100_P10,39,2010-03-20,2010-01-11,670/630/590,9.1,2010-01-15,4,64,10900,-99189,109,10.99%,tp
648,C100_P10,40,2010-04-17,2010-02-08,610/580/530,1.0,2010-04-05,56,12,-5052,-98699,47,-5.12%,dte
649,C100_P10,41,2010-05-22,2010-03-15,690/660/620,3.15,2010-05-10,56,12,9879,-99940,76,9.88%,dte
650,C100_P10,42,2010-06-19,2010-04-12,720/690/650,3.25,2010-05-25,43,25,-18000,-99375,75,-18.11%,sdc
651,C100_P10,43,2010-07-17,2010-05-10,710/670/600,0.9,2010-06-15,36,32,14719,-98880,32,14.89%,tp
652,C100_P10,44,2010-08-21,2010-06-14,680/640/570,-0.25,2010-07-09,25,43,12705,-98174,33,12.94%,tp
653,C100_P10,45,2010-09-18,2010-07-12,650/610/550,2.7,2010-08-11,30,38,14300,-99879,44,14.32%,tp
654,C100_P10,46,2010-10-16,2010-08-09,690/640/590,10.55,2010-08-11,2,66,21619,-99170,94,21.8%,tp
655,C100_P10,47,2010-11-20,2010-09-13,680/640/580,3.0,2010-11-08,56,12,-11717,-98900,43,-11.85%,dte
656,C100_P10,48,2010-12-18,2010-10-11,720/680/620,2.75,2010-11-09,29,39,9889,-97824,43,10.11%,tp
657,C100_P10,49,2011-01-22,2010-11-15,745/705/650,3.8,2011-01-10,56,12,-16430,-99640,53,-16.49%,dte
658,C100_P10,50,2011-02-19,2010-12-13,795/760/705,1.9,2011-01-19,37,31,11475,-98550,45,11.64%,tp
659,C100_P10,51,2011-03-19,2011-01-10,820/780/720,3.55,2011-01-25,15,53,10289,-98910,42,10.4%,tp
660,C100_P10,52,2011-04-16,2011-02-07,830/790/730,3.2,2011-03-14,35,33,10104,-99760,43,10.13%,tp
661,C100_P10,53,2011-05-21,2011-03-14,830/780/720,7.15,2011-04-12,29,39,11019,-99470,58,11.08%,tp
662,C100_P10,54,2011-06-18,2011-04-11,860/820/760,2.3,2011-04-18,7,61,10119,-98120,44,10.31%,tp
663,C100_P10,55,2011-07-16,2011-05-09,865/830/770,1.0,2011-06-10,32,36,-21850,-98800,38,-22.12%,sdc
664,C100_P10,56,2011-08-20,2011-06-13,800/760/710,5.15,2011-08-01,49,19,13034,-99990,66,13.04%,tp
665,C100_P10,57,2011-09-17,2011-07-11,860/815/760,6.5,2011-07-29,18,50,13200,-99000,60,13.33%,tp
666,C100_P10,58,2011-10-22,2011-08-15,750/700/620,1.95,2011-09-16,32,36,10229,-99045,31,10.33%,tp
667,C100_P10,59,2011-11-19,2011-09-12,720/650/570,11.3,2011-09-21,9,59,12649,-97979,46,12.91%,tp
668,C100_P10,60,2011-12-17,2011-10-10,720/660/580,5.85,2011-11-18,39,29,12730,-98229,38,12.96%,tp
669,C100_P10,61,2012-01-21,2011-11-14,770/710/630,5.95,2011-11-28,14,54,10069,-98610,38,10.21%,tp
670,C100_P10,62,2012-02-18,2011-12-12,770/710/640,9.2,2011-12-19,7,61,11180,-99840,52,11.2%,tp
671,C100_P10,63,2012-03-17,2012-01-09,785/740/670,2.7,2012-03-05,56,12,5759,-99720,36,5.78%,dte
672,C100_P10,64,2012-04-21,2012-02-13,850/810/740,0.75,2012-03-08,24,44,12320,-98400,32,12.52%,tp
673,C100_P10,65,2012-05-19,2012-03-12,840/800/740,2.8,2012-04-04,23,45,10320,-98040,43,10.53%,tp
674,C100_P10,66,2012-06-16,2012-04-09,830/790/730,2.3,2012-05-02,23,45,9899,-98120,44,10.09%,tp
675,C100_P10,67,2012-07-21,2012-05-14,810/760/700,7.65,2012-06-01,18,50,10079,-98840,56,10.2%,tp
676,C100_P10,68,2012-08-18,2012-06-11,780/740/680,1.75,2012-07-10,29,39,12150,-97875,45,12.41%,tp
677,C100_P10,69,2012-09-22,2012-07-16,820/780/725,3.65,2012-07-26,10,58,11659,-98845,53,11.8%,tp
678,C100_P10,70,2012-10-20,2012-08-13,820/785/730,2.0,2012-10-08,56,12,675,-99000,45,0.68%,dte
679,C100_P10,71,2012-11-17,2012-09-10,860/820/770,5.8,2012-09-25,15,53,10080,-99540,63,10.13%,tp
680,C100_P10,72,2012-12-22,2012-10-15,845/810/765,4.25,2012-10-31,16,52,10500,-99750,70,10.53%,tp
681,C100_P10,73,2013-01-19,2012-11-12,820/780/730,6.35,2012-11-16,4,64,10369,-99735,61,10.4%,tp
682,C100_P10,74,2013-02-16,2012-12-10,850/810/760,6.45,2013-02-04,56,12,-36450,-98700,60,-36.93%,dte
683,C100_P10,75,2013-03-16,2013-01-07,895/860/810,3.85,2013-03-04,56,12,-9010,-99905,53,-9.02%,dte
684,C100_P10,76,2013-04-20,2013-02-11,930/900/855,2.5,2013-04-02,50,18,10117,-99750,57,10.14%,tp
685,C100_P10,77,2013-05-18,2013-03-11,960/925/880,5.5,2013-04-03,23,45,12799,-99200,64,12.9%,tp
686,C100_P10,78,2013-06-22,2013-04-15,930/890/840,5.7,2013-06-10,56,12,-33232,-98910,63,-33.6%,dte
687,C100_P10,79,2013-07-20,2013-05-13,995/955/900,4.7,2013-06-20,38,30,15000,-98500,50,15.23%,tp
688,C100_P10,80,2013-08-17,2013-06-10,1015/975/915,2.75,2013-07-01,21,47,11610,-97825,43,11.87%,tp
689,C100_P10,81,2013-09-21,2013-07-15,1065/1025/970,4.25,2013-08-06,22,46,10455,-98175,51,10.65%,tp
690,C100_P10,82,2013-10-19,2013-08-12,1080/1040/980,3.6,2013-09-09,28,40,10920,-99120,42,11.02%,tp
691,C100_P10,83,2013-11-16,2013-09-09,1070/1030/960,1.3,2013-11-04,56,12,-930,-97030,31,-0.96%,dte
692,C100_P10,84,2013-12-21,2013-10-14,1110/1070/1010,3.55,2013-11-18,35,33,10185,-98909,42,10.3%,tp
693,C100_P10,85,2014-01-18,2013-11-11,1125/1085/1030,4.75,2013-12-11,30,38,10000,-98750,50,10.13%,tp
694,C100_P10,86,2014-02-22,2013-12-16,1140/1100/1040,2.5,2014-01-24,39,29,10120,-99000,44,10.22%,tp
695,C100_P10,87,2014-03-22,2014-01-13,1170/1120/1060,8.65,2014-02-04,22,46,11659,-98845,53,11.8%,tp
696,C100_P10,88,2014-04-19,2014-02-10,1140/1100/1030,0.8,2014-03-26,44,24,9920,-98560,32,10.06%,tp
697,C100_P10,89,2014-05-17,2014-03-10,1220/1180/1110,0.3,2014-04-02,23,45,11385,-99989,33,11.39%,tp
698,C100_P10,90,2014-06-21,2014-04-14,1140/1090/1020,4.2,2014-05-05,21,47,11275,-99220,41,11.36%,tp
699,C100_P10,91,2014-07-19,2014-05-12,1160/1120/1060,2.5,2014-06-02,21,47,10340,-99000,44,10.44%,tp
700,C100_P10,92,2014-08-16,2014-06-09,1200/1150/1090,8.15,2014-07-08,29,39,19250,-99825,55,19.28%,tp
701,C100_P10,93,2014-09-20,2014-07-14,1190/1150/1080,0.4,2014-08-11,28,40,12320,-97280,32,12.66%,tp
702,C100_P10,94,2014-10-18,2014-08-11,1170/1120/1050,5.45,2014-09-09,29,39,10920,-99255,39,11.0%,tp
703,C100_P10,95,2014-11-22,2014-09-15,1170/1130/1060,0.25,2014-10-10,25,43,-29534,-99824,33,-29.59%,sdc
704,C100_P10,96,2014-12-20,2014-10-13,1080/1030/955,3.05,2014-12-08,56,12,-9275,-98175,35,-9.45%,dte
705,C100_P10,97,2015-01-17,2014-11-10,1200/1160/1090,1.05,2014-12-19,39,29,10080,-99359,32,10.14%,tp
706,C100_P10,98,2015-02-20,2014-12-12,1190/1130/1050,7.6,2015-01-15,34,36,13140,-99360,36,13.22%,tp
707,C100_P10,99,2015-03-20,2015-01-09,1220/1170/1090,2.8,2015-02-10,32,38,10200,-98399,30,10.37%,tp
708,C100_P10,100,2015-04-17,2015-02-06,1230/1180/1100,2.2,2015-03-04,26,44,10075,-99820,31,10.09%,tp
709,C100_P10,101,2015-05-15,2015-03-06,1240/1190/1120,5.05,2015-04-30,55,15,33540,-97695,39,34.33%,tp
710,C100_P10,102,2015-06-19,2015-04-10,1290/1240/1180,7.3,2015-04-17,7,63,9975,-98610,57,10.12%,tp
711,C100_P10,103,2015-07-17,2015-05-08,1260/1210/1150,7.4,2015-06-29,52,18,14534,-99179,57,14.65%,tp
712,C100_P10,104,2015-08-21,2015-06-12,1290/1240/1180,7.0,2015-07-02,20,50,11020,-98600,58,11.18%,tp
713,C100_P10,105,2015-09-18,2015-07-10,1280/1230/1150,2.85,2015-07-21,11,59,10200,-98549,30,10.35%,tp
714,C100_P10,106,2015-10-16,2015-08-07,1230/1180/1120,6.7,2015-08-20,13,57,11800,-98530,59,11.98%,tp
715,C100_P10,107,2015-11-20,2015-09-11,1190/1130/1050,6.5,2015-09-23,12,58,11284,-98050,37,11.51%,tp
716,C100_P10,108,2015-12-19,2015-10-12,1190/1140/1070,5.35,2015-10-27,15,53,10530,-98865,39,10.65%,tp
717,C100_P10,109,2016-01-15,2015-11-06,1230/1180/1110,5.6,2015-11-23,17,53,11115,-99840,39,11.13%,tp
718,C100_P10,110,2016-02-19,2015-12-11,1150/1100/1020,2.4,2016-01-04,24,46,10500,-97200,30,10.8%,tp
719,C100_P10,111,2016-03-18,2016-01-08,1085/1030/950,4.65,2016-01-29,21,49,12539,-97845,33,12.82%,tp
720,C100_P10,112,2016-04-15,2016-02-05,1020/970/890,1.45,2016-04-04,59,11,-4340,-97495,31,-4.45%,dte
721,C100_P10,113,2016-05-20,2016-03-11,1120/1070/1000,5.2,2016-03-23,12,58,10725,-98280,39,10.91%,tp
722,C100_P10,114,2016-06-17,2016-04-08,1120/1070/1010,7.1,2016-05-11,33,37,10149,-99179,58,10.23%,tp
723,C100_P10,115,2016-07-15,2016-05-06,1140/1090/1020,5.55,2016-06-27,52,18,31004,-99645,39,31.11%,tp
724,C100_P10,116,2016-08-19,2016-06-10,1190/1140/1070,5.0,2016-06-29,19,51,14200,-99999,40,14.2%,tp
725,C100_P10,117,2016-09-16,2016-07-08,1200/1160/1090,0.7,2016-09-06,60,10,-400,-98240,32,-0.41%,dte
726,C100_P10,118,2016-10-21,2016-08-12,1260/1210/1150,8.2,2016-09-13,32,38,13229,-98279,54,13.46%,tp
727,C100_P10,119,2016-11-18,2016-09-09,1260/1200/1130,10.0,2016-10-11,32,38,15435,-98000,49,15.75%,tp
728,C100_P10,120,2016-12-16,2016-10-07,1270/1220/1140,3.3,2016-10-24,17,53,10950,-99900,30,10.96%,tp
729,C100_P10,121,2017-01-20,2016-11-11,1310/1260/1180,3.35,2017-01-09,59,11,-5364,-96715,29,-5.55%,dte
730,C100_P10,122,2017-02-17,2016-12-09,1420/1370/1290,3.2,2017-01-04,26,44,11399,-99600,30,11.44%,tp
731,C100_P10,123,2017-03-17,2017-01-06,1400/1350/1270,3.85,2017-01-24,18,52,10439,-98165,29,10.63%,tp
732,C100_P10,124,2017-04-21,2017-02-10,1420/1370/1290,3.8,2017-03-03,21,49,11020,-98020,29,11.24%,tp
733,C100_P10,125,2017-05-19,2017-03-10,1400/1340/1270,11.65,2017-03-22,12,58,11270,-99590,46,11.32%,tp
734,C100_P10,126,2017-06-16,2017-04-07,1400/1340/1270,11.45,2017-05-09,32,38,10810,-98669,46,10.96%,tp
735,C100_P10,127,2017-07-21,2017-05-12,1410/1360/1300,8.55,2017-05-30,18,52,12720,-98315,53,12.94%,tp
736,C100_P10,128,2017-08-18,2017-06-09,1450/1400/1330,6.4,2017-06-16,7,63,9804,-97680,37,10.04%,tp
737,C100_P10,129,2017-09-15,2017-07-07,1440/1400/1330,1.75,2017-08-01,25,45,10230,-98425,31,10.39%,tp
738,C100_P10,130,2017-10-20,2017-08-11,1410/1350/1270,8.8,2017-10-09,59,11,-29324,-97920,34,-29.95%,dte
739,C100_P10,131,2017-11-17,2017-09-08,1430/1380/1310,5.95,2017-11-06,59,11,-21090,-98610,38,-21.39%,dte
740,C100_P10,132,2017-12-15,2017-10-06,1540/1490/1430,8.35,2017-10-16,10,60,13500,-99090,54,13.62%,tp
741,C100_P10,133,2018-01-19,2017-11-10,1510/1460/1390,7.2,2018-01-08,59,11,-24389,-97920,36,-24.91%,dte
742,C100_P10,134,2018-02-16,2017-12-08,1550/1500/1430,6.5,2018-02-05,59,11,12580,-98050,37,12.83%,dte
743,C100_P10,135,2018-03-16,2018-01-05,1590/1540/1480,9.55,2018-02-14,40,30,18614,-99705,51,18.67%,tp
744,C100_P10,136,2018-04-20,2018-02-09,1530/1450/1340,10.2,2018-03-27,46,24,16080,-96480,24,16.67%,tp
745,C100_P10,137,2018-05-18,2018-03-09,1630/1580/1500,3.35,2018-04-12,34,36,14645,-96715,29,15.14%,tp
746,C100_P10,138,2018-06-15,2018-04-06,1555/1495/1400,4.85,2018-05-03,27,43,10249,-99625,25,10.29%,tp
747,C100_P10,139,2018-07-20,2018-05-11,1640/1590/1520,7.4,2018-07-09,59,11,-23850,-98640,36,-24.18%,dte
748,C100_P10,140,2018-08-17,2018-06-08,1700/1660/1590,1.6,2018-07-18,40,30,10230,-97960,31,10.44%,tp
749,C100_P10,141,2018-09-21,2018-07-13,1725/1670/1595,7.1,2018-07-27,14,56,10439,-97560,36,10.7%,tp
750,C100_P10,142,2018-10-19,2018-08-10,1725/1675/1600,5.9,2018-09-17,38,32,11679,-98880,32,11.81%,tp
751,C100_P10,143,2018-11-16,2018-09-07,1750/1695/1610,5.3,2018-09-19,12,58,10779,-98840,28,10.91%,tp
752,C100_P10,144,2018-12-21,2018-10-12,1590/1525/1430,5.25,2018-11-09,28,42,10499,-98700,28,10.64%,tp
753,C100_P10,145,2019-01-18,2018-11-09,1600/1530/1440,9.35,2018-11-26,17,53,12069,-99790,34,12.09%,tp
754,C100_P10,146,2019-02-15,2018-12-07,1500/1425/1320,7.25,2018-12-21,14,56,-27950,-96850,26,-28.86%,sdc
755,C100_P10,147,2019-03-15,2019-01-04,1430/1360/1260,6.2,2019-01-31,27,43,-4725,-97739,27,-4.83%,sdc
756,C100_P10,148,2019-05-17,2019-03-08,1560/1500/1410,5.05,2019-04-18,41,29,10009,-98140,28,10.2%,tp
757,C100_P10,149,2019-06-21,2019-04-12,1625/1570/1490,5.95,2019-05-15,33,37,10239,-99040,32,10.34%,tp
758,C100_P10,150,2019-07-19,2019-05-10,1620/1555/1465,7.85,2019-05-22,12,58,11550,-98550,30,11.72%,tp
759,C100_P10,151,2019-08-16,2019-06-07,1555/1495/1415,6.35,2019-07-17,40,30,10360,-97495,37,10.63%,tp
760,C100_P10,152,2019-09-20,2019-07-12,1605/1555/1480,4.5,2019-08-06,25,45,-3630,-97350,33,-3.73%,stop
761,C100_P50,1,2007-01-20,2006-11-13,800/770/730,3.6,2007-01-05,53,15,53472,-99280,73,53.86%,tp
762,C100_P50,2,2007-02-17,2006-12-11,820/790/740,0.9,2007-02-05,56,12,40420,-98230,47,41.15%,dte
763,C100_P50,3,2007-03-17,2007-01-08,810/770/720,6.45,2007-03-02,53,15,50250,-98700,60,50.91%,tp
764,C100_P50,4,2007-04-21,2007-02-12,830/800/760,3.45,2007-04-09,56,12,48839,-99530,74,49.07%,dte
765,C100_P50,5,2007-05-19,2007-03-12,820/780/730,6.7,2007-05-07,56,12,-20945,-98530,59,-21.26%,dte
766,C100_P50,6,2007-06-16,2007-04-09,840/810/760,1.25,2007-06-04,56,12,3642,-99875,47,3.65%,dte
767,C100_P50,7,2007-07-21,2007-05-14,850/810/760,6.1,2007-07-09,56,12,-5890,-99820,62,-5.9%,dte
768,C100_P50,8,2007-08-18,2007-06-11,860/830/780,0.75,2007-07-30,49,19,-18960,-99600,48,-19.04%,sdc
769,C100_P50,9,2007-09-22,2007-07-16,880/840/780,3.65,2007-08-03,18,50,-37169,-99330,42,-37.42%,sdc
770,C100_P50,10,2007-10-20,2007-08-13,820/770/700,4.8,2007-10-08,56,12,-6300,-99200,40,-6.35%,dte
771,C100_P50,11,2007-11-17,2007-09-10,820/760/690,8.85,2007-11-05,56,12,58300,-99905,53,58.36%,dte
772,C100_P50,12,2007-12-22,2007-10-15,860/820/750,0.75,2007-11-19,35,33,-30080,-98400,32,-30.57%,sdc
773,C100_P50,13,2008-01-19,2007-11-12,810/760/690,4.5,2008-01-02,51,17,54100,-98000,40,55.2%,tp
774,C100_P50,14,2008-02-16,2007-12-10,830/780/720,7.6,2008-01-07,28,40,-3920,-98560,56,-3.98%,sdc
775,C100_P50,15,2008-03-22,2008-01-14,750/700/640,7.8,2008-02-28,45,23,52359,-99680,56,52.53%,tp
776,C100_P50,16,2008-04-19,2008-02-11,740/690/620,5.05,2008-04-04,53,15,51090,-97694,39,52.3%,tp
777,C100_P50,17,2008-05-17,2008-03-10,680/630/570,7.65,2008-05-05,56,12,-37380,-98840,56,-37.82%,dte
778,C100_P50,18,2008-06-21,2008-04-14,720/670/620,10.3,2008-06-09,56,12,-50197,-99909,97,-50.24%,dte
779,C100_P50,19,2008-07-19,2008-05-12,760/720/670,5.7,2008-07-02,51,17,-11025,-98910,63,-11.15%,sdc
780,C100_P50,20,2008-08-16,2008-06-09,770/720/660,8.45,2008-07-15,36,32,0,-99630,54,0.0%,sdc
781,C100_P50,21,2008-09-20,2008-07-14,700/650/600,10.0,2008-09-08,56,12,-69500,-100000,100,-69.5%,dte
782,C100_P50,22,2008-10-18,2008-08-11,780/740/680,3.5,2008-09-29,49,19,-44940,-98700,42,-45.53%,sdc
783,C100_P50,23,2008-11-22,2008-09-15,730/680/620,7.3,2008-10-07,22,46,-44175,-98610,57,-44.8%,sdc
784,C100_P50,24,2008-12-20,2008-10-13,610/550/460,3.15,2008-11-12,30,38,-21000,-99450,30,-21.12%,sdc
785,C100_P50,25,2009-01-17,2008-11-10,540/480/400,6.95,2008-12-26,46,22,53094,-99715,37,53.25%,tp
786,C100_P50,26,2009-02-21,2008-12-15,500/440/370,8.45,2009-01-21,37,31,54270,-99630,54,54.47%,tp
787,C100_P50,27,2009-03-21,2009-01-12,500/450/390,6.8,2009-02-23,42,26,10914,-99120,59,11.01%,sdc
788,C100_P50,28,2009-04-18,2009-02-09,500/450/400,10.15,2009-03-02,21,47,-22050,-99470,98,-22.17%,sdc
789,C100_P50,29,2009-05-16,2009-03-09,370/330/290,7.55,2009-05-04,56,12,-100650,-99660,132,-100.99%,dte
790,C100_P50,30,2009-06-20,2009-04-13,500/460/400,1.45,2009-06-08,56,12,4599,-98670,46,4.66%,dte
791,C100_P50,31,2009-07-18,2009-05-11,530/490/440,4.7,2009-06-23,43,25,55079,-99960,68,55.1%,tp
792,C100_P50,32,2009-08-22,2009-06-15,540/500/440,3.65,2009-08-10,56,12,-9450,-99330,42,-9.51%,dte
793,C100_P50,33,2009-09-19,2009-07-13,510/480/430,0.7,2009-09-08,57,11,-3000,-99360,48,-3.02%,dte
794,C100_P50,34,2009-10-17,2009-08-10,600/560/510,6.4,2009-10-05,56,12,25950,-98400,60,26.37%,dte
795,C100_P50,35,2009-11-21,2009-09-14,620/590/540,0.25,2009-11-09,56,12,50960,-99225,49,51.36%,dte
796,C100_P50,36,2009-12-19,2009-10-12,640/600/550,6.05,2009-11-23,42,26,53630,-99510,62,53.89%,tp
797,C100_P50,37,2010-01-16,2009-11-09,610/580/530,0.25,2010-01-04,56,12,4655,-99225,49,4.69%,dte
798,C100_P50,38,2010-02-20,2009-12-14,630/590/550,7.8,2010-01-28,45,23,65599,-99839,128,65.7%,tp
799,C100_P50,39,2010-03-20,2010-01-11,670/630/590,9.1,2010-02-02,22,46,51229,-99189,109,51.65%,tp
800,C100_P50,40,2010-04-17,2010-02-08,610/580/530,1.0,2010-04-05,56,12,-5052,-98699,47,-5.12%,dte
801,C100_P50,41,2010-05-22,2010-03-15,690/660/620,3.15,2010-05-10,56,12,9879,-99940,76,9.88%,dte
802,C100_P50,42,2010-06-19,2010-04-12,720/690/650,3.25,2010-05-25,43,25,-18000,-99375,75,-18.11%,sdc
803,C100_P50,43,2010-07-17,2010-05-10,710/670/600,0.9,2010-06-29,50,18,-16319,-98880,32,-16.5%,sdc
804,C100_P50,44,2010-08-21,2010-06-14,680/640/570,-0.25,2010-08-09,56,12,44220,-98174,33,45.04%,dte
805,C100_P50,45,2010-09-18,2010-07-12,650/610/550,2.7,2010-09-07,57,11,48180,-99879,44,48.24%,dte
806,C100_P50,46,2010-10-16,2010-08-09,690/640/590,10.55,2010-09-03,25,43,52639,-99170,94,53.08%,tp
807,C100_P50,47,2010-11-20,2010-09-13,680/640/580,3.0,2010-11-08,56,12,-11717,-98900,43,-11.85%,dte
808,C100_P50,48,2010-12-18,2010-10-11,720/680/620,2.75,2010-12-06,56,12,-8707,-97824,43,-8.9%,dte
809,C100_P50,49,2011-01-22,2010-11-15,745/705/650,3.8,2011-01-10,56,12,-16430,-99640,53,-16.49%,dte
810,C100_P50,50,2011-02-19,2010-12-13,795/760/705,1.9,2011-02-07,56,12,8212,-98550,45,8.33%,dte
811,C100_P50,51,2011-03-19,2011-01-10,820/780/720,3.55,2011-03-07,56,12,18269,-98910,42,18.47%,dte
812,C100_P50,52,2011-04-16,2011-02-07,830/790/730,3.2,2011-04-04,56,12,-1290,-99760,43,-1.29%,dte
813,C100_P50,53,2011-05-21,2011-03-14,830/780/720,7.15,2011-05-09,56,12,-11020,-99470,58,-11.08%,dte
814,C100_P50,54,2011-06-18,2011-04-11,860/820/760,2.3,2011-06-02,52,16,50710,-98120,44,51.68%,tp
815,C100_P50,55,2011-07-16,2011-05-09,865/830/770,1.0,2011-06-10,32,36,-21850,-98800,38,-22.12%,sdc
816,C100_P50,56,2011-08-20,2011-06-13,800/760/710,5.15,2011-08-08,56,12,-63689,-99990,66,-63.7%,sdc
817,C100_P50,57,2011-09-17,2011-07-11,860/815/760,6.5,2011-08-04,24,44,-36900,-99000,60,-37.27%,sdc
818,C100_P50,58,2011-10-22,2011-08-15,750/700/620,1.95,2011-10-03,49,19,-32394,-99045,31,-32.71%,sdc
819,C100_P50,59,2011-11-19,2011-09-12,720/650/570,11.3,2011-11-07,56,12,-17250,-97979,46,-17.61%,dte
820,C100_P50,60,2011-12-17,2011-10-10,720/660/580,5.85,2011-12-05,56,12,4275,-98229,38,4.35%,dte
821,C100_P50,61,2012-01-21,2011-11-14,770/710/630,5.95,2012-01-09,56,12,44270,-98610,38,44.89%,dte
822,C100_P50,62,2012-02-18,2011-12-12,770/710/640,9.2,2012-02-06,56,12,-43680,-99840,52,-43.75%,dte
823,C100_P50,63,2012-03-17,2012-01-09,785/740/670,2.7,2012-03-05,56,12,5759,-99720,36,5.78%,dte
824,C100_P50,64,2012-04-21,2012-02-13,850/810/740,0.75,2012-04-09,56,12,50240,-98400,32,51.06%,dte
825,C100_P50,65,2012-05-19,2012-03-12,840/800/740,2.8,2012-05-04,53,15,52460,-98040,43,53.51%,tp
826,C100_P50,66,2012-06-16,2012-04-09,830/790/730,2.3,2012-06-01,53,15,-14520,-98120,44,-14.8%,sdc
827,C100_P50,67,2012-07-21,2012-05-14,810/760/700,7.65,2012-06-25,42,26,54599,-98840,56,55.24%,tp
828,C100_P50,68,2012-08-18,2012-06-11,780/740/680,1.75,2012-08-06,56,12,8212,-97875,45,8.39%,dte
829,C100_P50,69,2012-09-22,2012-07-16,820/780/725,3.65,2012-09-10,56,12,-5829,-98845,53,-5.9%,dte
830,C100_P50,70,2012-10-20,2012-08-13,820/785/730,2.0,2012-10-08,56,12,675,-99000,45,0.68%,dte
831,C100_P50,71,2012-11-17,2012-09-10,860/820/770,5.8,2012-10-22,42,26,55440,-99540,63,55.7%,tp
832,C100_P50,72,2012-12-22,2012-10-15,845/810/765,4.25,2012-11-23,39,29,52500,-99750,70,52.63%,tp
833,C100_P50,73,2013-01-19,2012-11-12,820/780/730,6.35,2013-01-07,56,12,-37667,-99735,61,-37.77%,dte
834,C100_P50,74,2013-02-16,2012-12-10,850/810/760,6.45,2013-02-04,56,12,-36450,-98700,60,-36.93%,dte
835,C100_P50,75,2013-03-16,2013-01-07,895/860/810,3.85,2013-03-04,56,12,-9010,-99905,53,-9.02%,dte
836,C100_P50,76,2013-04-20,2013-02-11,930/900/855,2.5,2013-04-08,56,12,16814,-99750,57,16.86%,dte
837,C100_P50,77,2013-05-18,2013-03-11,960/925/880,5.5,2013-05-06,56,12,4159,-99200,64,4.19%,dte
838,C100_P50,78,2013-06-22,2013-04-15,930/890/840,5.7,2013-06-10,56,12,-33232,-98910,63,-33.6%,dte
839,C100_P50,79,2013-07-20,2013-05-13,995/955/900,4.7,2013-07-08,56,12,-4875,-98500,50,-4.95%,dte
840,C100_P50,80,2013-08-17,2013-06-10,1015/975/915,2.75,2013-08-05,56,12,-9675,-97825,43,-9.89%,dte
841,C100_P50,81,2013-09-21,2013-07-15,1065/1025/970,4.25,2013-09-09,56,12,37357,-98175,51,38.05%,dte
842,C100_P50,82,2013-10-19,2013-08-12,1080/1040/980,3.6,2013-10-07,56,12,21210,-99120,42,21.4%,dte
843,C100_P50,83,2013-11-16,2013-09-09,1070/1030/960,1.3,2013-11-04,56,12,-930,-97030,31,-0.96%,dte
844,C100_P50,84,2013-12-21,2013-10-14,1110/1070/1010,3.55,2013-12-09,56,12,1260,-98909,42,1.27%,dte
845,C100_P50,85,2014-01-18,2013-11-11,1125/1085/1030,4.75,2014-01-06,56,12,-10375,-98750,50,-10.51%,dte
846,C100_P50,86,2014-02-22,2013-12-16,1140/1100/1040,2.5,2014-02-10,56,12,44000,-99000,44,44.44%,dte
847,C100_P50,87,2014-03-22,2014-01-13,1170/1120/1060,8.65,2014-03-10,56,12,-26102,-98845,53,-26.41%,dte
848,C100_P50,88,2014-04-19,2014-02-10,1140/1100/1030,0.8,2014-04-07,56,12,23200,-98560,32,23.54%,dte
849,C100_P50,89,2014-05-17,2014-03-10,1220/1180/1110,0.3,2014-04-11,32,36,-25904,-99989,33,-25.91%,sdc
850,C100_P50,90,2014-06-21,2014-04-14,1140/1090/1020,4.2,2014-06-09,56,12,-8199,-99220,41,-8.26%,dte
851,C100_P50,91,2014-07-19,2014-05-12,1160/1120/1060,2.5,2014-07-07,56,12,110,-99000,44,0.11%,dte
852,C100_P50,92,2014-08-16,2014-06-09,1200/1150/1090,8.15,2014-07-21,42,26,50875,-99825,55,50.96%,tp
853,C100_P50,93,2014-09-20,2014-07-14,1190/1150/1080,0.4,2014-09-08,56,12,39280,-97280,32,40.38%,dte
854,C100_P50,94,2014-10-18,2014-08-11,1170/1120/1050,5.45,2014-09-26,46,22,51285,-99255,39,51.67%,tp
855,C100_P50,95,2014-11-22,2014-09-15,1170/1130/1060,0.25,2014-10-10,25,43,-29534,-99824,33,-29.59%,sdc
856,C100_P50,96,2014-12-20,2014-10-13,1080/1030/955,3.05,2014-12-08,56,12,-9275,-98175,35,-9.45%,dte
857,C100_P50,97,2015-01-17,2014-11-10,1200/1160/1090,1.05,2015-01-05,56,12,22480,-99359,32,22.62%,dte
858,C100_P50,98,2015-02-20,2014-12-12,1190/1130/1050,7.6,2015-02-09,59,11,8009,-99360,36,8.06%,dte
859,C100_P50,99,2015-03-20,2015-01-09,1220/1170/1090,2.8,2015-03-09,59,11,16350,-98399,30,16.62%,dte
860,C100_P50,100,2015-04-17,2015-02-06,1230/1180/1100,2.2,2015-04-06,59,11,2867,-99820,31,2.87%,dte
861,C100_P50,101,2015-05-15,2015-03-06,1240/1190/1120,5.05,2015-05-04,59,11,22522,-97695,39,23.05%,dte
862,C100_P50,102,2015-06-19,2015-04-10,1290/1240/1180,7.3,2015-05-22,42,28,56144,-98610,57,56.94%,tp
863,C100_P50,103,2015-07-17,2015-05-08,1260/1210/1150,7.4,2015-07-06,59,11,31919,-99179,57,32.18%,dte
864,C100_P50,104,2015-08-21,2015-06-12,1290/1240/1180,7.0,2015-07-23,41,29,55679,-98600,58,56.47%,tp
865,C100_P50,105,2015-09-18,2015-07-10,1280/1230/1150,2.85,2015-08-21,42,28,-13200,-98549,30,-13.39%,sdc
866,C100_P50,106,2015-10-16,2015-08-07,1230/1180/1120,6.7,2015-09-21,45,25,53984,-98530,59,54.79%,tp
867,C100_P50,107,2015-11-20,2015-09-11,1190/1130/1050,6.5,2015-10-27,46,24,52725,-98050,37,53.77%,tp
868,C100_P50,108,2015-12-19,2015-10-12,1190/1140/1070,5.35,2015-12-07,56,12,46215,-98865,39,46.75%,dte
869,C100_P50,109,2016-01-15,2015-11-06,1230/1180/1110,5.6,2015-12-11,35,35,-7994,-99840,39,-8.01%,sdc
870,C100_P50,110,2016-02-19,2015-12-11,1150/1100/1020,2.4,2016-01-13,33,37,-33450,-97200,30,-34.41%,sdc
871,C100_P50,111,2016-03-18,2016-01-08,1085/1030/950,4.65,2016-02-29,52,18,51150,-97845,33,52.28%,tp
872,C100_P50,112,2016-04-15,2016-02-05,1020/970/890,1.45,2016-04-04,59,11,-4340,-97495,31,-4.45%,dte
873,C100_P50,113,2016-05-20,2016-03-11,1120/1070/1000,5.2,2016-05-09,59,11,19305,-98280,39,19.64%,dte
874,C100_P50,114,2016-06-17,2016-04-08,1120/1070/1010,7.1,2016-06-06,59,11,-37845,-99179,58,-38.16%,dte
875,C100_P50,115,2016-07-15,2016-05-06,1140/1090/1020,5.55,2016-07-05,60,10,11700,-99645,39,11.74%,dte
876,C100_P50,116,2016-08-19,2016-06-10,1190/1140/1070,5.0,2016-08-08,59,11,-14900,-99999,40,-14.9%,dte
877,C100_P50,117,2016-09-16,2016-07-08,1200/1160/1090,0.7,2016-09-06,60,10,-400,-98240,32,-0.41%,dte
878,C100_P50,118,2016-10-21,2016-08-12,1260/1210/1150,8.2,2016-10-10,59,11,14445,-98279,54,14.7%,dte
879,C100_P50,119,2016-11-18,2016-09-09,1260/1200/1130,10.0,2016-10-25,46,24,52920,-98000,49,54.0%,tp
880,C100_P50,120,2016-12-16,2016-10-07,1270/1220/1140,3.3,2016-12-05,59,11,-7124,-99900,30,-7.13%,dte
881,C100_P50,121,2017-01-20,2016-11-11,1310/1260/1180,3.35,2017-01-09,59,11,-5364,-96715,29,-5.55%,dte
882,C100_P50,122,2017-02-17,2016-12-09,1420/1370/1290,3.2,2017-02-03,56,14,56400,-99600,30,56.63%,tp
883,C100_P50,123,2017-03-17,2017-01-06,1400/1350/1270,3.85,2017-03-06,59,11,29507,-98165,29,30.06%,dte
884,C100_P50,124,2017-04-21,2017-02-10,1420/1370/1290,3.8,2017-04-06,55,15,49880,-98020,29,50.89%,tp
885,C100_P50,125,2017-05-19,2017-03-10,1400/1340/1270,11.65,2017-05-08,59,11,14145,-99590,46,14.2%,dte
886,C100_P50,126,2017-06-16,2017-04-07,1400/1340/1270,11.45,2017-05-31,54,16,51060,-98669,46,51.75%,tp
887,C100_P50,127,2017-07-21,2017-05-12,1410/1360/1300,8.55,2017-07-10,59,11,-3312,-98315,53,-3.37%,dte
888,C100_P50,128,2017-08-18,2017-06-09,1450/1400/1330,6.4,2017-08-02,54,16,55500,-97680,37,56.82%,tp
889,C100_P50,129,2017-09-15,2017-07-07,1440/1400/1330,1.75,2017-09-05,60,10,50995,-98425,31,51.81%,dte
890,C100_P50,130,2017-10-20,2017-08-11,1410/1350/1270,8.8,2017-10-09,59,11,-29324,-97920,34,-29.95%,dte
891,C100_P50,131,2017-11-17,2017-09-08,1430/1380/1310,5.95,2017-11-06,59,11,-21090,-98610,38,-21.39%,dte
892,C100_P50,132,2017-12-15,2017-10-06,1540/1490/1430,8.35,2017-12-04,59,11,12419,-99090,54,12.53%,dte
893,C100_P50,133,2018-01-19,2017-11-10,1510/1460/1390,7.2,2018-01-08,59,11,-24389,-97920,36,-24.91%,dte
894,C100_P50,134,2018-02-16,2017-12-08,1550/1500/1430,6.5,2018-02-05,59,11,12580,-98050,37,12.83%,dte
895,C100_P50,135,2018-03-16,2018-01-05,1590/1540/1480,9.55,2018-03-02,56,14,53294,-99705,51,53.45%,tp
896,C100_P50,136,2018-04-20,2018-02-09,1530/1450/1340,10.2,2018-04-09,59,11,16080,-96480,24,16.67%,dte
897,C100_P50,137,2018-05-18,2018-03-09,1630/1580/1500,3.35,2018-05-04,56,14,53939,-96715,29,55.77%,tp
898,C100_P50,138,2018-06-15,2018-04-06,1555/1495/1400,4.85,2018-06-04,59,11,-11875,-99625,25,-11.92%,dte
899,C100_P50,139,2018-07-20,2018-05-11,1640/1590/1520,7.4,2018-07-09,59,11,-23850,-98640,36,-24.18%,dte
900,C100_P50,140,2018-08-17,2018-06-08,1700/1660/1590,1.6,2018-08-06,59,11,29450,-97960,31,30.06%,dte
901,C100_P50,141,2018-09-21,2018-07-13,1725/1670/1595,7.1,2018-09-10,59,11,13949,-97560,36,14.3%,dte
902,C100_P50,142,2018-10-19,2018-08-10,1725/1675/1600,5.9,2018-10-08,59,11,15199,-98880,32,15.37%,sdc
903,C100_P50,143,2018-11-16,2018-09-07,1750/1695/1610,5.3,2018-10-10,33,37,-44520,-98840,28,-45.04%,sdc
904,C100_P50,144,2018-12-21,2018-10-12,1590/1525/1430,5.25,2018-12-07,56,14,-9940,-98700,28,-10.07%,sdc
905,C100_P50,145,2019-01-18,2018-11-09,1600/1530/1440,9.35,2018-12-13,34,36,-13259,-99790,34,-13.29%,sdc
906,C100_P50,146,2019-02-15,2018-12-07,1500/1425/1320,7.25,2018-12-21,14,56,-27950,-96850,26,-28.86%,sdc
907,C100_P50,147,2019-03-15,2019-01-04,1430/1360/1260,6.2,2019-01-31,27,43,-4725,-97739,27,-4.83%,sdc
908,C100_P50,148,2019-05-17,2019-03-08,1560/1500/1410,5.05,2019-05-06,59,11,-7909,-98140,28,-8.06%,dte
909,C100_P50,149,2019-06-21,2019-04-12,1625/1570/1490,5.95,2019-05-28,46,24,-4639,-99040,32,-4.68%,sdc
910,C100_P50,150,2019-07-19,2019-05-10,1620/1555/1465,7.85,2019-07-01,52,18,55950,-98550,30,56.77%,tp
911,C100_P50,151,2019-08-16,2019-06-07,1555/1495/1415,6.35,2019-08-06,60,10,24974,-97495,37,25.62%,stop
912,C100_P50,152,2019-09-20,2019-07-12,1605/1555/1480,4.5,2019-08-06,25,45,-3630,-97350,33,-3.73%,stop
